domain,dimension,type,group,indicator,2000,2001,2002,2003,2004,2005,2006,2007,2008,2009,2010,2011,2012,2013,2014,2015,2016,2017,2018,2019,2020,2021,2022
ecological,climate change,global doughnut,World,co2_ppm,368.96,370.57,372.58,375.14,376.95,378.98,381.15,382.9,385.02,386.5,388.76,390.63,392.65,395.4,397.34,399.65,403.07,405.22,407.61,410.07,412.44,414.7,417.07
ecological,climate change,global doughnut,World,erf_wm2,1.768161509,1.800168769,1.769856169,1.782140571,1.820539588,1.818268351,1.836035212,1.907146187,1.989420045,2.080128136,2.125213918,2.170834936,2.192857836,2.305792855,2.345523777,2.407861829,2.541620271,2.584380082,2.650136802,2.647117717,2.794099165,2.749664805,2.914967669
ecological,climate change,national aggregate,World,co2_footprint,NA,NA,NA,NA,NA,NA,NA,NA,NA,NA,NA,NA,NA,NA,NA,NA,NA,3.774512842476268,NA,NA,NA,NA,NA
ecological,climate change,national aggregate,Bottom-40,co2_footprint,NA,NA,NA,NA,NA,NA,NA,NA,NA,NA,NA,NA,NA,NA,NA,NA,NA,0.9389036299243086,NA,NA,NA,NA,NA
ecological,climate change,national aggregate,Middle-40,co2_footprint,NA,NA,NA,NA,NA,NA,NA,NA,NA,NA,NA,NA,NA,NA,NA,NA,NA,4.25670414835964,NA,NA,NA,NA,NA
ecological,climate change,national aggregate,Top-20,co2_footprint,NA,NA,NA,NA,NA,NA,NA,NA,NA,NA,NA,NA,NA,NA,NA,NA,NA,11.650508840910334,NA,NA,NA,NA,NA
ecological,ocean acidification,global doughnut,World,omega_a,2.986,2.985,2.97,2.976,2.962,2.951,2.936,2.917,2.913,2.917,2.907,2.881,2.88,2.882,2.882,2.879,2.859,2.841,2.826,2.829,2.821,2.803,2.786
ecological,ocean acidification,national aggregate,World,omega_a_footprint,NA,NA,NA,NA,NA,NA,NA,NA,NA,NA,NA,NA,NA,NA,NA,NA,NA,NA,NA,NA,NA,NA,NA
ecological,ocean acidification,national aggregate,Bottom-40,omega_a_footprint,NA,NA,NA,NA,NA,NA,NA,NA,NA,NA,NA,NA,NA,NA,NA,NA,NA,NA,NA,NA,NA,NA,NA
ecological,ocean acidification,national aggregate,Middle-40,omega_a_footprint,NA,NA,NA,NA,NA,NA,NA,NA,NA,NA,NA,NA,NA,NA,NA,NA,NA,NA,NA,NA,NA,NA,NA
ecological,ocean acidification,national aggregate,Top-20,omega_a_footprint,NA,NA,NA,NA,NA,NA,NA,NA,NA,NA,NA,NA,NA,NA,NA,NA,NA,NA,NA,NA,NA,NA,NA
ecological,chemical pollution,global doughnut,World,chemicalsMt,1186,1250.1176470588234,1314.235294117647,1378.3529411764707,1442.470588235294,1506.5882352941176,1570.7058823529412,1634.8235294117646,1698.9411764705883,1763.0588235294117,1827.1764705882351,1891.294117647059,1955.4117647058824,2019.529411764706,2083.6470588235293,2147.764705882353,2211.8823529411766,2276,NA,NA,NA,NA,NA
ecological,chemical pollution,global doughnut,World,EUshare_hzdHealth,76.59,76.59,76.59,76.59,76.59,76.59,76.59,76.59,76.59,76.59,76.59,76.59,76.59,76.59,76.59,76.59,76.59,76.59,76.59,76.59,76.59,76.59,76.59
ecological,chemical pollution,national aggregate,World,hzdChemicals_footprint,NA,NA,NA,NA,NA,NA,NA,NA,NA,NA,NA,NA,NA,NA,NA,NA,NA,NA,NA,NA,NA,NA,NA
ecological,chemical pollution,national aggregate,Bottom-40,hzdChemicals_footprint,NA,NA,NA,NA,NA,NA,NA,NA,NA,NA,NA,NA,NA,NA,NA,NA,NA,NA,NA,NA,NA,NA,NA
ecological,chemical pollution,national aggregate,Middle-40,hzdChemicals_footprint,NA,NA,NA,NA,NA,NA,NA,NA,NA,NA,NA,NA,NA,NA,NA,NA,NA,NA,NA,NA,NA,NA,NA
ecological,chemical pollution,national aggregate,Top-20,hzdChemicals_footprint,NA,NA,NA,NA,NA,NA,NA,NA,NA,NA,NA,NA,NA,NA,NA,NA,NA,NA,NA,NA,NA,NA,NA
ecological,nutrient pollution,global doughnut,World,nitrogenMt,132.2432713,134.93367778,137.62408426000002,140.31449074,143.00489722,145.6953037,148.6046776,151.5140515,154.4234254,157.3327993,160.2421732,163.24602382,166.24987444,169.25372506,172.25757568,175.2614263,178.13090856,181.00039082,183.86987308,186.73935534,189.6088376,191.97349848,194.33815936
ecological,nutrient pollution,global doughnut,World,phosphorusMt,13.549286446478872,14.09326414225352,14.637241838028167,15.181219533802816,15.725197229577464,16.26917492535211,16.690833231549295,17.11249153774648,17.53414984394366,17.955808150140843,18.377466456338027,18.772538909295772,19.16761136225352,19.562683815211265,19.957756268169017,20.35282872112676,20.875580629577463,21.398332538028168,21.921084446478872,22.443836354929577,22.96658826338028,23.069493470704224,23.172398678028166
ecological,nutrient pollution,national aggregate,World,N_footprint,NA,NA,NA,NA,NA,NA,NA,NA,NA,NA,NA,NA,NA,NA,NA,NA,NA,18.117922775865473,NA,NA,NA,NA,NA
ecological,nutrient pollution,national aggregate,Bottom-40,N_footprint,NA,NA,NA,NA,NA,NA,NA,NA,NA,NA,NA,NA,NA,NA,NA,NA,NA,10.597805911103135,NA,NA,NA,NA,NA
ecological,nutrient pollution,national aggregate,Middle-40,N_footprint,NA,NA,NA,NA,NA,NA,NA,NA,NA,NA,NA,NA,NA,NA,NA,NA,NA,21.440116459605857,NA,NA,NA,NA,NA
ecological,nutrient pollution,national aggregate,Top-20,N_footprint,NA,NA,NA,NA,NA,NA,NA,NA,NA,NA,NA,NA,NA,NA,NA,NA,NA,32.40667971701113,NA,NA,NA,NA,NA
ecological,nutrient pollution,national aggregate,World,P_footprint,NA,NA,NA,NA,NA,NA,NA,NA,NA,NA,NA,NA,NA,NA,NA,NA,NA,2.544863687785732,NA,NA,NA,NA,NA
ecological,nutrient pollution,national aggregate,Bottom-40,P_footprint,NA,NA,NA,NA,NA,NA,NA,NA,NA,NA,NA,NA,NA,NA,NA,NA,NA,1.5362494606396042,NA,NA,NA,NA,NA
ecological,nutrient pollution,national aggregate,Middle-40,P_footprint,NA,NA,NA,NA,NA,NA,NA,NA,NA,NA,NA,NA,NA,NA,NA,NA,NA,3.081176999540948,NA,NA,NA,NA,NA
ecological,nutrient pollution,national aggregate,Top-20,P_footprint,NA,NA,NA,NA,NA,NA,NA,NA,NA,NA,NA,NA,NA,NA,NA,NA,NA,4.16830408734886,NA,NA,NA,NA,NA
ecological,air pollution,global doughnut,World,interhemAOD,0.08,0.08,0.08,0.08,0.08,0.08,0.08,0.08,0.08,0.08,0.08,0.08,0.08,0.08,0.08,0.08,0.08,0.08,0.08,0.08,0.08,0.08,0.08
ecological,air pollution,national aggregate,World,airPollution_footprint,NA,NA,NA,NA,NA,NA,NA,NA,NA,NA,NA,NA,NA,NA,NA,NA,NA,NA,NA,NA,NA,NA,NA
ecological,air pollution,national aggregate,Bottom-40,airPollution_footprint,NA,NA,NA,NA,NA,NA,NA,NA,NA,NA,NA,NA,NA,NA,NA,NA,NA,NA,NA,NA,NA,NA,NA
ecological,air pollution,national aggregate,Middle-40,airPollution_footprint,NA,NA,NA,NA,NA,NA,NA,NA,NA,NA,NA,NA,NA,NA,NA,NA,NA,NA,NA,NA,NA,NA,NA
ecological,air pollution,national aggregate,Top-20,airPollution_footprint,NA,NA,NA,NA,NA,NA,NA,NA,NA,NA,NA,NA,NA,NA,NA,NA,NA,NA,NA,NA,NA,NA,NA
ecological,freshwater disruption,global doughnut,World,blueDev,0.178260506,0.186394076,0.190024222,0.17694945,0.169619058,0.185958863,NA,NA,NA,NA,NA,NA,NA,NA,NA,NA,NA,NA,NA,NA,NA,NA,NA
ecological,freshwater disruption,global doughnut,World,soilDev,15.4341226,16.3706921,15.8370206,16.0208689,16.0148805,17.3549622,16.830362,17.01594111,18.44078872,18.95743115,18.67666496,18.21123787,17.81222749,19.73872021,19.25329669,NA,NA,NA,NA,NA,NA,NA,NA
ecological,freshwater disruption,national aggregate,World,blueH2O_footprint,NA,NA,NA,NA,NA,NA,NA,NA,NA,NA,NA,NA,NA,NA,NA,NA,NA,196.2136324788955,NA,NA,NA,NA,NA
ecological,freshwater disruption,national aggregate,Bottom-40,blueH2O_footprint,NA,NA,NA,NA,NA,NA,NA,NA,NA,NA,NA,NA,NA,NA,NA,NA,NA,207.11904184293635,NA,NA,NA,NA,NA
ecological,freshwater disruption,national aggregate,Middle-40,blueH2O_footprint,NA,NA,NA,NA,NA,NA,NA,NA,NA,NA,NA,NA,NA,NA,NA,NA,NA,163.0255630802871,NA,NA,NA,NA,NA
ecological,freshwater disruption,national aggregate,Top-20,blueH2O_footprint,NA,NA,NA,NA,NA,NA,NA,NA,NA,NA,NA,NA,NA,NA,NA,NA,NA,267.10657302661014,NA,NA,NA,NA,NA
ecological,land conversion,global doughnut,World,forestAreaMKM2,39.20756255,39.15878214,39.11000165,39.06122115,39.01244066,38.96366025,38.91487976,38.86609926,38.81731886,38.76853836,38.71975787,38.67745512,38.63511853,38.59278184,38.55044524,38.50810865,38.46108144,38.41405432,38.36702721,38.32,38.27297289,NA,NA
ecological,land conversion,national aggregate,World,land_footprint,NA,NA,NA,NA,NA,NA,NA,NA,NA,NA,NA,NA,NA,NA,NA,NA,NA,NA,NA,NA,NA,NA,NA
ecological,land conversion,national aggregate,Bottom-40,land_footprint,NA,NA,NA,NA,NA,NA,NA,NA,NA,NA,NA,NA,NA,NA,NA,NA,NA,NA,NA,NA,NA,NA,NA
ecological,land conversion,national aggregate,Middle-40,land_footprint,NA,NA,NA,NA,NA,NA,NA,NA,NA,NA,NA,NA,NA,NA,NA,NA,NA,NA,NA,NA,NA,NA,NA
ecological,land conversion,national aggregate,Top-20,land_footprint,NA,NA,NA,NA,NA,NA,NA,NA,NA,NA,NA,NA,NA,NA,NA,NA,NA,NA,NA,NA,NA,NA,NA
ecological,biodiversity breakdown,global doughnut,World,extinction1900,100,100,100,100,100,100,100,100,100,100,100,100,100,100,100,100,100,100,100,100,100,100,100
ecological,biodiversity breakdown,global doughnut,World,hanppGtC,14.6,14.71,14.82,14.93,15.04,15.15,15.26,15.37,15.48,15.59,15.7,15.81,15.92,16.03,16.14,16.25,16.36,16.47,16.580000000000002,16.69,16.8,NA,NA
ecological,biodiversity breakdown,national aggregate,World,species_footprint,NA,NA,NA,NA,NA,NA,NA,NA,NA,NA,NA,NA,NA,NA,NA,NA,NA,0.6612590614097671,NA,NA,NA,NA,NA
ecological,biodiversity breakdown,national aggregate,Bottom-40,species_footprint,NA,NA,NA,NA,NA,NA,NA,NA,NA,NA,NA,NA,NA,NA,NA,NA,NA,0.295702190918563,NA,NA,NA,NA,NA
ecological,biodiversity breakdown,national aggregate,Middle-40,species_footprint,NA,NA,NA,NA,NA,NA,NA,NA,NA,NA,NA,NA,NA,NA,NA,NA,NA,0.6663256202246388,NA,NA,NA,NA,NA
ecological,biodiversity breakdown,national aggregate,Top-20,species_footprint,NA,NA,NA,NA,NA,NA,NA,NA,NA,NA,NA,NA,NA,NA,NA,NA,NA,1.8609800095204665,NA,NA,NA,NA,NA
ecological,biodiversity breakdown,national aggregate,World,hanpp_footprint,NA,NA,NA,NA,NA,NA,NA,NA,NA,NA,NA,NA,NA,NA,NA,NA,NA,1.9445190951329496,NA,NA,NA,NA,NA
ecological,biodiversity breakdown,national aggregate,Bottom-40,hanpp_footprint,NA,NA,NA,NA,NA,NA,NA,NA,NA,NA,NA,NA,NA,NA,NA,NA,NA,1.5146478178675444,NA,NA,NA,NA,NA
ecological,biodiversity breakdown,national aggregate,Middle-40,hanpp_footprint,NA,NA,NA,NA,NA,NA,NA,NA,NA,NA,NA,NA,NA,NA,NA,NA,NA,2.0423884628351607,NA,NA,NA,NA,NA
ecological,biodiversity breakdown,national aggregate,Top-20,hanpp_footprint,NA,NA,NA,NA,NA,NA,NA,NA,NA,NA,NA,NA,NA,NA,NA,NA,NA,3.0585115205415545,NA,NA,NA,NA,NA
ecological,ozone depletion,global doughnut,World,totalOzone,284.299591064453,284.8499145507815,280.418121337891,286.180206298828,279.530242919922,284.924530029297,278.97724914550804,285.796875,280.1082611083985,284.035171508789,285.674591064453,285.4143371582035,285.3829345703125,279.70256042480503,285.51850891113304,285.3684997558595,279.178680419922,283.7464752197265,286.32078552246105,279.557846069336,281.95976257324253,284.576843261719,NA
ecological,ozone depletion,national aggregate,World,ozone_footprint,NA,NA,NA,NA,NA,NA,NA,NA,NA,NA,NA,NA,NA,NA,NA,NA,NA,NA,NA,NA,NA,NA,NA
ecological,ozone depletion,national aggregate,Bottom-40,ozone_footprint,NA,NA,NA,NA,NA,NA,NA,NA,NA,NA,NA,NA,NA,NA,NA,NA,NA,NA,NA,NA,NA,NA,NA
ecological,ozone depletion,national aggregate,Middle-40,ozone_footprint,NA,NA,NA,NA,NA,NA,NA,NA,NA,NA,NA,NA,NA,NA,NA,NA,NA,NA,NA,NA,NA,NA,NA
ecological,ozone depletion,national aggregate,Top-20,ozone_footprint,NA,NA,NA,NA,NA,NA,NA,NA,NA,NA,NA,NA,NA,NA,NA,NA,NA,NA,NA,NA,NA,NA,NA
social,food,global doughnut,World,undernourishment,13.085805434873096,13.140673527052307,13.177027300904026,13.119044427040995,12.793241548738994,12.238760608595657,11.355211489302334,10.43851533691866,9.77583564312593,9.289986611709809,8.930578654318662,8.653259996793391,8.418606575577806,8.193773029696988,8.123979505840841,8.101729265583238,8.02936060842472,7.894138520241604,7.881450221474993,8.333965862940227,8.913534724886006,9.441514698158482,9.619073039825317
social,food,global doughnut,World,foodInsecurity,NA,NA,NA,NA,NA,NA,NA,NA,NA,NA,NA,NA,NA,NA,NA,22.241140536371734,23.137563613070085,23.776079272492723,24.01919092306087,25.343181013552204,27.07015213566699,28.87376141848822,29.362667618515086
social,food,national aggregate,World,undernourishment,13.085805434873096,13.140673527052307,13.177027300904026,13.119044427040995,12.793241548738994,12.238760608595657,11.355211489302334,10.43851533691866,9.77583564312593,9.289986611709809,8.930578654318662,8.653259996793391,8.418606575577806,8.193773029696988,8.123979505840841,8.101729265583238,8.02936060842472,7.894138520241604,7.881450221474993,8.333965862940227,8.913534724886006,9.441514698158482,9.619073039825317
social,food,national aggregate,Bottom-40,undernourishment,21.434236938656323,21.453727152036763,21.8636011966854,22.14340749204326,21.799840245990275,20.936243635149957,19.344147585937748,17.749837960078104,16.777275396585438,16.247595702699805,15.713445915668226,15.238891638105525,14.831309458469493,14.45307146927068,14.303003398303016,14.19275282848596,13.9416884040392,13.545855479380982,13.485215288319656,14.409451881486527,15.590195100537374,16.552244767935115,16.831571965545475
social,food,national aggregate,Middle-40,undernourishment,9.486957221086918,9.496312829288524,9.123018876215228,8.647800857863258,8.134088332894422,7.581750055851404,6.963962626775182,6.288468413273479,5.621511475692488,4.917526721694626,4.519390892390395,4.285580125185256,4.099766754435977,3.915343673226501,3.8559366783662568,3.860774553447913,3.886814025653002,3.910256610075145,3.888176133294612,3.9328462632322903,3.998138057048469,4.144004824721702,4.1780019034584415
social,food,national aggregate,Top-20,undernourishment,2.5925981898767216,2.593990345854478,2.5983135679932805,2.6067401222185116,2.6025831901966905,2.601726416127474,2.605168325090629,2.617051194811489,2.6390804304883737,2.7429831867708367,2.7981686852375875,2.75765131541499,2.695908166273005,2.6364818853071914,2.6165618454386905,2.6162318150217483,2.6127077887650767,2.6146381976568818,2.5986048221626525,2.6186172407144577,2.61771031413596,2.6382184528585757,2.638099420869888
social,food,national aggregate,World,foodInsecurity,NA,NA,NA,NA,NA,NA,NA,NA,NA,NA,NA,NA,NA,NA,NA,22.241140536371734,23.137563613070085,23.776079272492723,24.01919092306087,25.343181013552204,27.07015213566699,28.87376141848822,29.362667618515086
social,food,national aggregate,Bottom-40,foodInsecurity,NA,NA,NA,NA,NA,NA,NA,NA,NA,NA,NA,NA,NA,NA,NA,37.75155143053392,39.21640661536187,40.62228148200931,41.5100393034684,44.44453186071952,47.7500011407358,51.22737857862049,52.44756286532761
social,food,national aggregate,Middle-40,foodInsecurity,NA,NA,NA,NA,NA,NA,NA,NA,NA,NA,NA,NA,NA,NA,NA,16.619241827308958,17.448842128546872,17.66445074856312,17.305697632514608,17.657665469922925,18.50852265970505,19.03363580397897,18.311490440817145
social,food,national aggregate,Top-20,foodInsecurity,NA,NA,NA,NA,NA,NA,NA,NA,NA,NA,NA,NA,NA,NA,NA,7.175108364148662,6.925227428329533,6.663264377968558,6.4788470317003535,6.3375536810060575,6.33959431481896,6.811784228831693,7.439597923526694
social,health,global doughnut,World,under5death,75.39809756394527,74.89198026870152,75.02519549890566,73.2704568322589,73.44222831326314,50.0908631548288,46.50634571625956,46.67916610820736,46.75516337730528,46.937987019271795,47.08784129850495,47.3255626537976,47.84124009190213,47.591472238946906,46.04565729147449,46.270626868941314,45.83338304715026,46.07483160598028,42.82796063079673,42.898325404036186,42.938348269572856,42.32263256146575,42.615680318930416
social,health,global doughnut,World,UHCindex,79.0527272437684,79.17547648836201,79.10786593567984,77.88501083554313,74.45193790218205,73.8919063790682,72.04726189268662,51.465737040975355,48.78392099520096,46.82074255283953,47.03946657221401,45.7950479994642,45.449454833094784,44.55795205951899,44.732009108730075,43.8783725348123,44.34826026777146,24.963895677084142,25.43888323843116,24.776366994376996,27.200485932790407,27.745798701425507,28.068373001085067
social,health,national aggregate,World,under5death,75.39809756394527,74.89198026870152,75.02519549890566,73.2704568322589,73.44222831326314,50.0908631548288,46.50634571625956,46.67916610820736,46.75516337730528,46.937987019271795,47.08784129850495,47.3255626537976,47.84124009190213,47.591472238946906,46.04565729147449,46.270626868941314,45.83338304715026,46.07483160598028,42.82796063079673,42.898325404036186,42.938348269572856,42.32263256146575,42.615680318930416
social,health,national aggregate,Bottom-40,under5death,98.8412427679655,98.84662015747274,98.85167334550658,98.85618272466532,98.85954630851673,98.63383014256492,95.51667531648106,95.3890627802706,95.42634980108718,95.25955350328124,94.99411565109548,94.91806545482171,95.71415201959404,94.56407831797652,93.49749351576808,93.52194638575196,93.55558522199092,93.59174886894766,93.62872685977148,93.16413175171635,92.60119631662629,91.79247846486388,91.81336902435744
social,health,national aggregate,Middle-40,under5death,80.1734821533578,78.76054667933212,78.75654182405589,74.5641063559054,74.65680538087337,22.114797699962608,16.41846605938539,16.452944910070162,15.99517612258353,16.114095671023545,16.231145219755266,16.36213213233428,16.30928993912143,16.447263051997858,13.503432066190788,13.586176836444356,12.065356648015042,12.106414114199913,3.86253729614932,3.934294718615662,3.979904268267419,2.691079827438939,2.7102529275551235
social,health,national aggregate,Top-20,under5death,0,0,0,0,0,0,0,0,0,0,0,0,0,0,0,0,0,0,0,0,0,0,0
social,health,national aggregate,World,UHCindex,79.0527272437684,79.17547648836201,79.10786593567984,77.88501083554313,74.45193790218205,73.8919063790682,72.04726189268662,51.465737040975355,48.78392099520096,46.82074255283953,47.03946657221401,45.7950479994642,45.449454833094784,44.55795205951899,44.732009108730075,43.8783725348123,44.34826026777146,24.963895677084142,25.43888323843116,24.776366994376996,27.200485932790407,27.745798701425507,28.068373001085067
social,health,national aggregate,Bottom-40,UHCindex,100,100,99.55129637179232,99.55924910860608,99.33412214432153,99.34614834702045,99.35818029513524,98.37504239125268,98.19122479836354,98.1870095078758,98.20104870082253,94.69542240271622,93.33519332844249,93.36912836982717,93.399799920534,91.9724607362561,92.52688640390132,47.65855800287928,48.45594499552755,46.65356956346759,51.77396909706813,52.618819194624734,52.97215383326823
social,health,national aggregate,Middle-40,UHCindex,87.01715035273436,87.01332240591103,87.00430409373396,84.06010112738747,76.34857762516202,74.80558685959929,70.3610663154311,24.5309024631518,18.060780347183243,13.101352926973044,13.076675539516822,13.108796472370946,13.179274243200403,10.64698750683004,10.603974316227536,9.623830828984374,9.697125255084456,9.74087160577677,9.789563116613206,9.844266210961589,9.901532494347029,9.961127504059254,10.019723313065189
social,health,national aggregate,Top-20,UHCindex,0.6017206591685157,0.6234568701193678,0.6092057406499397,0.5237510975291887,0.5045371088099813,0.5381406306350514,0.6150165700920309,0.12687338908038295,0,0,0,0,0,0,0,0,0,0,0,0,0,0,0
social,education,global doughnut,World,adultLiteracy,23.134617173360937,23.1516462328715,23.081503353333318,22.961857041389422,22.70226234174521,22.445086451887676,21.981229804354157,21.84144870081228,21.42814930089709,20.862727717874122,20.283664762077905,19.71195707215871,19.32643308011866,19.038129474595138,18.649380341369422,18.29459415191917,17.82118653474683,17.397868542098777,17.049529748261776,16.632885909722432,16.390907342681004,16.285196016087355,16.151479052027454
social,education,global doughnut,World,secondarySchool,60.86976704747948,60.48167260556626,59.97069946731004,59.606385530269115,59.10078082728987,58.581940473142026,57.52751070262504,56.70962718233485,54.90218647470952,53.526985780639926,52.324680787856046,49.969648980084685,48.30625443540897,46.62073179032256,45.28696333679786,43.25669278226296,43.37207396079472,40.57481116157528,38.69743933899413,38.04383645608016,37.45781879057078,37.21536140597729,36.910940776868166
social,education,national aggregate,World,adultLiteracy,23.134617173360937,23.1516462328715,23.081503353333318,22.961857041389422,22.70226234174521,22.445086451887676,21.981229804354157,21.84144870081228,21.42814930089709,20.862727717874122,20.283664762077905,19.71195707215871,19.32643308011866,19.038129474595138,18.649380341369422,18.29459415191917,17.82118653474683,17.397868542098777,17.049529748261776,16.632885909722432,16.390907342681004,16.285196016087355,16.151479052027454
social,education,national aggregate,Bottom-40,adultLiteracy,38.6256974115954,38.707896058329,38.606098220172335,38.510770132922445,38.12858264937881,37.9014449722416,37.09489682806113,37.049493162277656,36.42239569105032,35.56287199984591,34.565240616125394,33.55829854465473,32.89495507884381,32.34879692251083,31.740433982181656,31.012983233265913,30.11303174447957,29.253762585355602,28.720949447030875,27.96066475312638,27.519591261450287,27.220493428452556,26.81026386616172
social,education,national aggregate,Middle-40,adultLiteracy,10.076392131887658,9.872297880699676,9.662268709197804,9.352635547366802,9.042368225016318,8.61564506980146,8.320069848948364,7.9545733314242,7.610701876064354,7.189077648862124,6.8764350610397,6.596040850910384,6.368234566973243,6.2398663795668625,5.961583037601784,5.87795631875052,5.718202381920634,5.6199912741308395,5.3393881802035565,5.162380678087757,5.0008859828081995,4.9553263354033135,4.971031708487757
social,education,national aggregate,Top-20,adultLiteracy,6.217941403104234,6.108389585748441,5.93669105192312,5.749343080506023,5.5353357817058395,4.993891841264102,4.764214745298304,4.51096739024824,4.263667751491965,4.023629650745704,3.762305414812701,3.4632685898336604,3.1793272034967544,2.8827850835746034,2.7805475190385636,2.6865354707154836,2.5817885827193408,2.4727240718868018,2.2486949934269944,1.8738038675559778,1.5178780559482021,1.4702249430462047,1.4623758293651434
social,education,national aggregate,World,secondarySchool,60.86976704747948,60.48167260556626,59.97069946731004,59.606385530269115,59.10078082728987,58.581940473142026,57.52751070262504,56.70962718233485,54.90218647470952,53.526985780639926,52.324680787856046,49.969648980084685,48.30625443540897,46.62073179032256,45.28696333679786,43.25669278226296,43.37207396079472,40.57481116157528,38.69743933899413,38.04383645608016,37.45781879057078,37.21536140597729,36.910940776868166
social,education,national aggregate,Bottom-40,secondarySchool,78.34621275665978,78.22646367135252,77.92783843066559,77.73052633191286,77.58304797110185,77.05525847936079,75.89370481838824,74.9531584523499,72.42228066625168,71.26890107471758,69.69484401230493,67.9923787063829,66.64631623154108,65.0915771590809,64.00958255061502,62.88622453036117,61.86955192743463,60.0672725686494,58.560461924618615,56.891392159826346,57.03535577847951,57.00614981075204,57.14417214996488
social,education,national aggregate,Middle-40,secondarySchool,59.38827313263827,58.51480396867069,57.522269781595824,56.773787772187866,55.6806057180478,54.89712691436686,53.312270974958814,52.197326585325754,50.33182377044574,48.316323301442615,47.21837279862591,43.64305702172947,41.14908637361471,38.882566119645155,36.99579833439431,33.592024769085796,34.84318429475623,30.20750490243347,27.09193949511227,27.2442067492764,25.96163435507448,25.130409169324295,24.05193512648117
social,education,national aggregate,Top-20,secondarySchool,17.419291389061456,17.258631378462084,17.129067479280664,16.964187526959876,16.80313326335981,16.611465830070188,17.110784800822998,17.13285977666402,17.20655330485596,16.817653587346186,15.852885209340585,15.07082422231042,14.710823087646432,14.08975309876881,13.350846805138445,12.581888078666083,11.944844807208483,11.616528342594876,12.146420944443861,11.489019311775266,10.100147452359039,10.369204359519287,10.410727884251841
social,income and work,global doughnut,World,societalPoverty,84.91608777305612,84.58145785980076,84.21768724659651,83.88299294599337,83.299255881497,82.84213662578868,82.20622644969305,81.46675259103881,80.82300411158884,80.42028349275428,79.81551373318119,79.31551655949569,78.58608068943933,77.71354292387896,77.0336670989559,76.40765660580801,75.64092754967889,74.70757922752239,73.95985409084031,73.43638883965225,74.02589505355965,72.4897518149641,72.51347965678372
social,income and work,global doughnut,World,youthNEET,NA,NA,NA,NA,NA,24.969113864509147,24.11990689724444,23.54177375833243,22.987336040683992,22.8826141899112,22.470180860532356,21.951710603307244,21.829306598606145,21.675702195784293,21.743664461572465,21.91475671486847,22.383350975002077,22.368349724869073,22.41271336681259,22.55358508308848,23.150606429929372,21.6898989388511,20.3070253101288
social,income and work,national aggregate,World,societalPoverty,84.91608777305612,84.58145785980076,84.21768724659651,83.88299294599337,83.299255881497,82.84213662578868,82.20622644969305,81.46675259103881,80.82300411158884,80.42028349275428,79.81551373318119,79.31551655949569,78.58608068943933,77.71354292387896,77.0336670989559,76.40765660580801,75.64092754967889,74.70757922752239,73.95985409084031,73.43638883965225,74.02589505355965,72.4897518149641,72.51347965678372
social,income and work,national aggregate,Bottom-40,societalPoverty,98.51536152089692,98.47128408666083,98.43504213064091,98.36472762711632,98.2519004831108,98.14046367490889,98.04346178248986,97.9658529120645,97.86366437189878,97.5989962650182,97.24454745469242,97.04736522434348,96.95647280364028,96.81906608610232,96.67838325282528,96.47233639609162,96.3136404672038,95.84096762013796,95.72764016127392,95.891632323052,96.0096829364263,96.02217688577625,96.03022262605111
social,income and work,national aggregate,Middle-40,societalPoverty,91.57565603336788,90.81484636132632,90.0148511975068,89.36825706717516,88.27939714439852,87.28915002429545,85.93916981476889,84.5916584654741,83.02844302745136,82.28290482792845,81.00047968045935,79.82261246856261,78.0464153360061,76.0191012251034,74.48792629902366,73.34837289520966,71.84840526150153,70.04689042384864,68.52134237903353,67.13675338782285,68.51972542921622,64.87719673513882,64.08770849837336
social,income and work,national aggregate,Top-20,societalPoverty,18.85643085625683,18.57529526888469,18.206668803498893,17.629118009960784,16.85612862667304,16.706330001637298,16.400802219440436,15.19111075564168,15.59880104286106,15.409394559450828,15.793278091526552,16.081201543523147,16.33181679772595,16.480142917251023,16.371499895198045,15.459382609312748,14.487816147130129,14.338990246222828,13.34546972504606,12.62087620738099,11.081434377275393,10.440081804793207,12.517784597325083
social,income and work,national aggregate,World,youthNEET,NA,NA,NA,NA,NA,24.969113864509147,24.11990689724444,23.54177375833243,22.987336040683992,22.8826141899112,22.470180860532356,21.951710603307244,21.829306598606145,21.675702195784293,21.743664461572465,21.91475671486847,22.383350975002077,22.368349724869073,22.41271336681259,22.55358508308848,23.150606429929372,21.6898989388511,20.3070253101288
social,income and work,national aggregate,Bottom-40,youthNEET,NA,NA,NA,NA,NA,31.223480262080766,30.152795889689177,29.22098603901974,28.211148889018265,27.286146510189532,26.548909146853727,25.852951629978715,26.038501219661946,25.72512274434197,26.21662807092196,26.641162171907936,27.57263496173141,27.877404078021797,27.954556141964453,28.40283024288791,28.003152905932364,26.052872750096924,24.036408578095276
social,income and work,national aggregate,Middle-40,youthNEET,NA,NA,NA,NA,NA,23.910740190164923,23.129765388756027,22.80738825632635,22.311002191781036,22.45418610652535,22.157373803841292,21.719205668583506,21.12608811086197,20.937723284704244,20.673019368740004,20.749150835947987,20.916832701027577,20.659490678046627,20.68666473247238,20.515486391507093,21.89918954884943,20.869701933670516,20.153018032161253
social,income and work,national aggregate,Top-20,youthNEET,NA,NA,NA,NA,NA,11.349122389153942,10.770189102048606,10.49665136356678,10.8673589692116,12.306808047972648,12.414569591059768,12.104686205267502,11.879646180955676,12.100198608766885,11.498903578051006,11.028603268775903,10.629881990515637,10.015607496132702,9.8488386920794,9.526150236472544,11.398869828163486,10.427160979321762,9.565683407504372
social,water,global doughnut,World,drinkingH2O,39.31293234206692,39.319371979129606,39.29297203355724,39.26254271089004,39.1550806993221,39.04029304505479,38.91658132954296,38.76808913818705,38.60102125218408,38.41875114668829,38.23393866125006,38.048199248612576,37.833291702853366,37.64947896792118,37.4757792375292,37.29803814391806,37.14883031682655,37.00568922002557,36.87285355829445,36.76082761424928,36.69581567943532,36.66407858322589,36.6379297173765
social,water,global doughnut,World,sanitation,66.31017376532745,65.9243617552961,65.41882707697982,64.56546809164163,63.441098944622766,62.33425516598346,61.18298972131089,59.974199447890086,58.73269265611348,57.45605740645689,56.1659322465892,54.85842194364377,53.516491134747234,52.15251796181698,50.75197457361438,49.33229860483743,47.901243520511166,46.47976193623666,45.0666872465756,43.67451801792409,42.78253447767987,41.94855184722412,41.16790409278907
social,water,national aggregate,World,drinkingH2O,39.31293234206692,39.319371979129606,39.29297203355724,39.26254271089004,39.1550806993221,39.04029304505479,38.91658132954296,38.76808913818705,38.60102125218408,38.41875114668829,38.23393866125006,38.048199248612576,37.833291702853366,37.64947896792118,37.4757792375292,37.29803814391806,37.14883031682655,37.00568922002557,36.87285355829445,36.76082761424928,36.69581567943532,36.66407858322589,36.6379297173765
social,water,national aggregate,Bottom-40,drinkingH2O,71.3215125744287,71.06347365065369,70.68900731815131,70.31488113080303,69.90187083413298,69.5084179715898,69.13405582928733,68.72148410201687,68.24338493276844,67.69210853866142,67.1291261981537,66.54632746100401,65.88745910658221,65.33659740974443,64.80631748694518,64.28936076194994,63.80389566510443,63.321728258371095,62.832824911844995,62.3668099749252,61.923360630947535,61.51586275884058,61.17546996343395
social,water,national aggregate,Middle-40,drinkingH2O,37.80705012406981,37.600054649904,37.41451791529526,37.24159898439088,36.93944981149342,36.63912340592174,36.31888805992955,35.999393533827785,35.68820117148016,35.381189458680524,35.09680146782833,34.82552862734599,34.56056689105432,34.283120318067304,34.0145827810811,33.72871719580199,33.48243990235497,33.23488028092065,33.02337441933099,32.844604258293,32.72045982196951,32.61991460848914,32.481241063362205
social,water,national aggregate,Top-20,drinkingH2O,3.005574003576527,2.9912837588283594,2.975590188130326,2.9597910834623207,2.93266392768156,2.8755321348499194,2.8105663134264205,2.7476426994493153,2.701545285169402,2.6562290489860345,2.5605123644314602,2.4730317532438733,2.3991693133294376,2.326717867197843,2.2542962381131986,2.1826074881512056,2.115324696396513,2.047496799922726,1.978633776630474,1.9111965950881142,1.845349409263676,1.7824098922168048,1.7240982684695183
social,water,national aggregate,World,sanitation,66.31017376532745,65.9243617552961,65.41882707697982,64.56546809164163,63.441098944622766,62.33425516598346,61.18298972131089,59.974199447890086,58.73269265611348,57.45605740645689,56.1659322465892,54.85842194364377,53.516491134747234,52.15251796181698,50.75197457361438,49.33229860483743,47.901243520511166,46.47976193623666,45.0666872465756,43.67451801792409,42.78253447767987,41.94855184722412,41.16790409278907
social,water,national aggregate,Bottom-40,sanitation,85.86842099819711,85.00252495410155,84.08932629316989,83.17456903884914,81.75703117134832,80.47982872188595,79.19957293476946,77.86579282185436,76.52438690384975,75.19089727070963,73.86186107131839,72.52443903120083,71.18960748266886,69.85824795598826,68.50488495779246,67.15179634253224,65.79655024670654,64.48957844805724,63.229982997757425,61.98569692152025,60.75473214609305,59.564338636068946,58.44616591145376
social,water,national aggregate,Middle-40,sanitation,72.20129635922198,71.88681253171293,71.35955162209818,70.07571700998368,68.63604848740974,67.1288614439519,65.55082449182265,63.91777786509179,62.22329872804082,60.42641693285452,58.564038114921686,56.65402126885667,54.66448961015778,52.615872079418,50.51028883173488,48.35499420158784,46.1675336597298,43.94765475579808,41.697342063466294,39.47438238930709,38.390758173408,37.39343597964294,36.47211779884393
social,water,national aggregate,Top-20,sanitation,7.827104245266,7.739043830587775,7.653503612204361,7.557824120943707,7.444679381347882,7.340524959312404,7.237398680507681,7.125096128590485,7.0101997669415965,6.8901267668496615,6.7715405356283185,6.657327849619847,6.536809354566444,6.417699800542039,6.279109109255401,6.158855423218682,6.041207956353702,5.932814561359436,5.8365718007414245,5.747511684395562,5.68678029745908,5.645149710717945,5.6207660998916396
social,energy,global doughnut,World,energyAccess,21.712166761740377,21.218797449029978,20.825411979576444,19.969591132341108,19.981507105774355,19.22918227680465,18.58172460581835,17.812244767125833,17.2126273086414,16.803206356375725,16.223395738771387,15.170371392676373,14.748080165853324,13.98892057248635,13.508042273256962,12.791876673710533,11.62971877927167,10.809917269054026,9.944689819519837,9.64454631478516,9.368784068942006,8.439088574747217,8.512055624269635
social,energy,global doughnut,World,energyIndoor,50.486803507296536,49.96021951394507,49.33688370577439,48.74044990745772,48.031584069145175,47.41795311843832,46.59013495162931,45.7000031600619,44.73234742951816,43.64813347316807,42.52656509338171,41.320567209761094,40.0682373913421,38.664930082014386,37.323891561257625,35.92028347999336,34.39502505908834,32.94149776330937,31.38047021266695,29.940344859745366,28.495148214720373,27.200249803858824,25.915914853798526
social,energy,national aggregate,World,energyAccess,21.712166761740377,21.218797449029978,20.825411979576444,19.969591132341108,19.981507105774355,19.22918227680465,18.58172460581835,17.812244767125833,17.2126273086414,16.803206356375725,16.223395738771387,15.170371392676373,14.748080165853324,13.98892057248635,13.508042273256962,12.791876673710533,11.62971877927167,10.809917269054026,9.944689819519837,9.64454631478516,9.368784068942006,8.439088574747217,8.512055624269635
social,energy,national aggregate,Bottom-40,energyAccess,49.27181623925327,48.10960995267231,47.330394259196744,45.03121804654565,45.12565598117221,42.89405697809586,41.963395087638574,39.96385776899063,38.73130359066925,37.92269819210153,36.80893734244274,34.31594248147138,33.37417181650828,31.60550079203712,30.463124384290765,28.498086630303945,25.913294827072008,24.02400524012272,21.944718993926173,21.203063034017276,20.392299443807175,18.35380042748723,18.44263613667846
social,energy,national aggregate,Middle-40,energyAccess,5.189422266619914,4.808814744038784,4.316729624834821,4.167846747889314,3.8346619695550004,3.9228633844755763,3.0803054782602004,2.9779121142137654,2.5067808330438623,2.139607837741565,1.672686333607686,1.469135909920837,1.2363609043618453,1.0684028408977184,0.9436555758753968,1.1086198514122856,0.865055804922207,0.7339007424204596,0.7063592262918945,0.6355618287387017,0.6902122275318163,0.5016141525444624,0.4474838545257427
social,energy,national aggregate,Top-20,energyAccess,0,0,0,0,0,2.619449489600356e-4,2.643665740436063e-4,0,0,0,0,0,0,0,0,0,0.003196393476486037,0,0.0033110262368438725,0,0,0,0
social,energy,national aggregate,World,energyIndoor,50.486803507296536,49.96021951394507,49.33688370577439,48.74044990745772,48.031584069145175,47.41795311843832,46.59013495162931,45.7000031600619,44.73234742951816,43.64813347316807,42.52656509338171,41.320567209761094,40.0682373913421,38.664930082014386,37.323891561257625,35.92028347999336,34.39502505908834,32.94149776330937,31.38047021266695,29.940344859745366,28.495148214720373,27.200249803858824,25.915914853798526
social,energy,national aggregate,Bottom-40,energyIndoor,80.56109855506398,79.68513460178438,78.83573855602519,78.13083910670952,77.2561156087232,76.5749437782084,75.71144757783574,74.75022874961746,73.915279532668407,72.90062834069134,71.68026518876252,70.44502996219256,69.1518514097623,67.52193041755241,66.03725777632825,64.21926954524025,62.17660815852466,60.16762380346817,57.72972827015185,55.5916694221898,53.07085847275584,50.983308062522994,48.81129649000061
social,energy,national aggregate,Middle-40,energyIndoor,41.257783463922415,40.51122624419969,39.52916283604076,38.49012665158035,37.36955180260595,36.30378287591045,34.94108121692069,33.54787456129344,31.783280476067546,29.99556662950232,28.29741897684775,26.41368221469844,24.49683187802526,22.582920418356778,20.6799264700373,18.971969199216858,17.195967321152978,15.550509284433474,14.098294871901132,12.61873751953253,11.514809923198612,10.313383759735999,9.261769136351518
social,energy,national aggregate,Top-20,energyIndoor,0,0,0,0,0,0,0,0,0,0,0,0,0,0,0,0,0,0,0,0,0,0,0
social,connectivity,global doughnut,World,internet,93.5249978168704,91.99997741945563,89.42391265779273,87.76877966088784,85.89351277271666,84.44443853593782,82.77960972853488,79.73093600109722,77.18830822378132,74.64592668550112,71.45933651231131,68.99663322396557,66.51492899124398,64.52402243292588,62.340510369264294,59.947680271246945,56.916622370662395,54.58029597669068,51.54707569290379,46.90677913729161,40.82018604024728,38.17637318509968,35.824336715885494
social,connectivity,global doughnut,World,publicTrans,NA,NA,NA,NA,NA,NA,NA,NA,NA,NA,NA,NA,NA,NA,NA,NA,NA,NA,NA,NA,52.70890540313151,NA,NA
social,connectivity,national aggregate,World,internet,93.5249978168704,91.99997741945563,89.42391265779273,87.76877966088784,85.89351277271666,84.44443853593782,82.77960972853488,79.73093600109722,77.18830822378132,74.64592668550112,71.45933651231131,68.99663322396557,66.51492899124398,64.52402243292588,62.340510369264294,59.947680271246945,56.916622370662395,54.58029597669068,51.54707569290379,46.90677913729161,40.82018604024728,38.17637318509968,35.824336715885494
social,connectivity,national aggregate,Bottom-40,internet,99.52613264609826,99.36479509213449,98.70457875552167,98.26670820640317,97.69435435054739,97.0533121085011,96.31256854469855,95.3236958117371,94.6145448035805,93.65847213828673,91.3532732903016,89.58503094031919,88.32550058854525,86.90388803460048,84.96435195877933,83.0186249525154,80.5988820267648,78.44104289212957,75.80996249463605,70.36802410132502,62.5242207853561,59.56042660802529,56.612235097258264
social,connectivity,national aggregate,Middle-40,internet,97.31592573178052,96.14933797233002,93.81769255488177,91.95484310376358,89.88102139840956,88.23148569390378,85.76968240966559,81.55391363380551,76.88835088745957,72.07930668792828,67.40964960571144,63.32945748283964,59.4935083239692,56.49591754460829,53.61340396514498,50.18359980944148,46.7712139682927,43.72626508573805,39.45473290449445,34.23021734883122,28.626482973644855,25.17749866753732,22.74746744731476
social,connectivity,national aggregate,Top-20,internet,66.6750976131723,60.266682268959315,51.587836343690356,46.945345194593415,41.75456502848408,38.30318690883838,36.09954150136535,30.423411934685234,28.659199906487274,27.883869655567977,26.001199243058494,25.717697360380015,23.05570981034424,21.758964779419088,20.303258708620447,19.022307058338697,14.540875823369447,13.015793174098178,11.66236287455311,10.496825153993527,7.676576126739064,7.606391899770401,6.5929963154967055
social,connectivity,national aggregate,World,publicTrans,NA,NA,NA,NA,NA,NA,NA,NA,NA,NA,NA,NA,NA,NA,NA,NA,NA,NA,NA,NA,52.70890540313151,NA,NA
social,connectivity,national aggregate,Bottom-40,publicTrans,NA,NA,NA,NA,NA,NA,NA,NA,NA,NA,NA,NA,NA,NA,NA,NA,NA,NA,NA,NA,64.1488787032491,NA,NA
social,connectivity,national aggregate,Middle-40,publicTrans,NA,NA,NA,NA,NA,NA,NA,NA,NA,NA,NA,NA,NA,NA,NA,NA,NA,NA,NA,NA,49.453068311538964,NA,NA
social,connectivity,national aggregate,Top-20,publicTrans,NA,NA,NA,NA,NA,NA,NA,NA,NA,NA,NA,NA,NA,NA,NA,NA,NA,NA,NA,NA,24.96051592389678,NA,NA
social,housing,global doughnut,World,urbanSlums,39.71038030030984,39.59871792495465,39.48523541823215,39.06343504028147,38.63191851572008,38.19483701995875,37.745606955077,37.251751312465245,36.85850775674894,36.36621545496526,35.87456302877013,35.37322774424275,34.86322622003501,34.42244140251458,33.97373739592641,33.578374171850534,33.17932725589232,32.91703168645056,32.652568064881166,32.532522472525926,32.421326800302346,32.237627395835574,32.072145289618554
social,housing,national aggregate,World,urbanSlums,39.71038030030984,39.59871792495465,39.48523541823215,39.06343504028147,38.63191851572008,38.19483701995875,37.745606955077,37.251751312465245,36.85850775674894,36.36621545496526,35.87456302877013,35.37322774424275,34.86322622003501,34.42244140251458,33.97373739592641,33.578374171850534,33.17932725589232,32.91703168645056,32.652568064881166,32.532522472525926,32.421326800302346,32.237627395835574,32.072145289618554
social,housing,national aggregate,Bottom-40,urbanSlums,58.813516507720784,58.70864165108325,58.601797890376346,57.97097932271014,57.338939308939075,56.72021834932737,56.098058311745646,55.43840730006142,54.92299517277329,54.27598772322813,53.62368101114752,52.919292223890864,52.21526831265894,51.58140356406361,50.94495093217015,50.31025997018883,49.666174143341514,49.19976438955934,48.73022852966602,48.47502157506463,48.21860782559079,47.74841815540099,47.31487672840671
social,housing,national aggregate,Middle-40,urbanSlums,26.503612390346813,25.938964221190435,25.358999511004065,24.70258937152508,24.048069295407096,23.37487489669033,22.689124360887735,21.952893948189914,21.212411959150977,20.486974457898892,19.75631756848145,19.08942878031307,18.421478444867248,17.887694683275946,17.34828447686568,16.983909796232073,16.60448445709512,16.335740980830025,16.0693424958761,15.865485082899005,15.65839261616645,15.612368832498364,15.576326861617517
social,housing,national aggregate,Top-20,urbanSlums,0.4114107318562929,0.40961874692374495,0.4071440904205489,0.40339106997595114,0.3992690800966895,0.39692015050648943,0.3979219488593351,0.4018997357101465,0.40480867530269427,0.4041042023766655,0.4019409986624271,0.3981593629464213,0.3931826643802612,0.38982916606833634,0.3861793113656427,0.3811755199298943,0.37556573007154687,0.3631352387694088,0.3507497595185905,0.34938901716798293,0.3479914940147083,0.34695867999180197,0.34592244411961465
social,equality,global doughnut,World,genderGapIndex,45.690689249204155,45.37950975394795,45.15420986168963,44.37073896405606,44.10447289305973,43.465972840774626,42.82978949199389,42.20452923490834,42.28341208718599,41.556534749215984,40.82961397431628,40.59328262104133,40.103904389406736,39.47087230037093,39.01934046562751,38.09754466615287,37.42460957910796,37.03895971641001,36.375663484200736,35.62357993716376,35.22239636846872,35.08063984549995,34.720510956299094
social,equality,global doughnut,World,racialInequality,NA,NA,NA,NA,NA,NA,NA,NA,NA,NA,NA,NA,NA,NA,NA,NA,NA,NA,NA,NA,NA,NA,NA
social,equality,national aggregate,World,genderGapIndex,45.690689249204155,45.37950975394795,45.15420986168963,44.37073896405606,44.10447289305973,43.465972840774626,42.82978949199389,42.20452923490834,42.28341208718599,41.556534749215984,40.82961397431628,40.59328262104133,40.103904389406736,39.47087230037093,39.01934046562751,38.09754466615287,37.42460957910796,37.03895971641001,36.375663484200736,35.62357993716376,35.22239636846872,35.08063984549995,34.720510956299094
social,equality,national aggregate,Bottom-40,genderGapIndex,64.62623467319749,63.56537825154198,63.32814705268098,62.463448086989914,61.883198442451324,60.51658379365505,59.49312912277045,58.70476445292865,58.776063986482065,57.60137855661356,56.752555466155385,56.22774712954044,55.85114085496298,55.42365624246457,54.78137877347867,53.23298800814771,52.91483724184042,52.85227327155493,52.528273173723306,51.19174157232654,49.83085047959317,49.6033481454241,48.94615344765481
social,equality,national aggregate,Middle-40,genderGapIndex,37.97989403091423,38.07270800034955,37.64690333616787,36.60579228908178,36.5569917509751,36.27638965323427,35.80447950933285,35.06380390769299,35.03448751704475,34.379537169543894,33.591069450328945,33.48282427663537,32.69127192023796,32.13669062248915,31.742601046345907,31.151239298485635,29.89818465949567,29.109243814017155,27.99505661780764,27.527716229668897,27.92078338929973,27.634698284569264,27.420674011209563
social,equality,national aggregate,Top-20,genderGapIndex,21.3750819338645,21.117216897079423,20.902047275071094,20.4973840128036,19.820561010502217,19.498884886706,18.910426152923048,18.617159976170356,18.6081957247846,18.463293795528234,17.792615325392163,17.506543462913854,17.149601795639903,15.254842232424211,14.758500380938933,14.256571868653614,13.832521509789286,13.205523073650244,12.358177746428387,11.99648818207968,11.572692386728365,11.53395622168574,11.105593761685274
social,equality,national aggregate,World,racialInequality,NA,NA,NA,NA,NA,NA,NA,NA,NA,NA,NA,NA,NA,NA,NA,NA,NA,NA,NA,NA,NA,NA,NA
social,equality,national aggregate,Bottom-40,racialInequality,NA,NA,NA,NA,NA,NA,NA,NA,NA,NA,NA,NA,NA,NA,NA,NA,NA,NA,NA,NA,NA,NA,NA
social,equality,national aggregate,Middle-40,racialInequality,NA,NA,NA,NA,NA,NA,NA,NA,NA,NA,NA,NA,NA,NA,NA,NA,NA,NA,NA,NA,NA,NA,NA
social,equality,national aggregate,Top-20,racialInequality,NA,NA,NA,NA,NA,NA,NA,NA,NA,NA,NA,NA,NA,NA,NA,NA,NA,NA,NA,NA,NA,NA,NA
social,social cohesion,global doughnut,World,socialSupport,NA,NA,NA,NA,NA,20.469479993522285,20.885365064945532,23.90772940285896,24.203065074118015,22.28383833877736,23.00505096448988,24.01229118443044,25.172528547292387,24.929010788117253,22.40659571646502,23.221970771978633,23.615634044472543,23.41371610047156,22.360746297139983,23.420925024082024,23.47802961276707,24.319738719568107,23.01191148498269
social,social cohesion,global doughnut,World,palma,71.33337934561692,71.86686992979196,69.69780509217904,69.44987649726056,67.62562904990955,68.14812014902071,67.8362875620246,72.3777234514895,68.67555786907059,67.65568621775421,67.74812077409813,70.15298640194156,69.93719951025238,69.81115958101942,68.32719717828975,69.26743302922091,65.83370180282402,65.89126693255406,65.93252293481443,66.01532488753786,68.92366521521419,64.6097772909761,64.67316014998856
social,social cohesion,national aggregate,World,socialSupport,NA,NA,NA,NA,NA,20.469479993522285,20.885365064945532,23.90772940285896,24.203065074118015,22.28383833877736,23.00505096448988,24.01229118443044,25.172528547292387,24.929010788117253,22.40659571646502,23.221970771978633,23.615634044472543,23.41371610047156,22.360746297139983,23.420925024082024,23.47802961276707,24.319738719568107,23.01191148498269
social,social cohesion,national aggregate,Bottom-40,socialSupport,NA,NA,NA,NA,NA,27.977830356451236,28.416316969255632,37.62732259407227,33.000107974365946,32.702104404688924,33.855732806912485,36.12058847173536,38.69485490379903,37.348308216634365,33.804290929472685,33.74461060527578,32.81659492395784,32.974780242219595,31.522038504286016,35.93962639223143,33.835558126874176,37.66350589137476,36.09616174809331
social,social cohesion,national aggregate,Middle-40,socialSupport,NA,NA,NA,NA,NA,19.322720363351948,19.73697206160567,18.541516162005134,22.30143929180781,18.06326762262236,18.861156186754584,18.977182816195352,18.768820940216216,19.59959861697041,16.426310751095983,18.46962169447231,20.07769562423887,19.49871129786908,18.25010928130338,16.570850481968975,18.86843062799495,16.462037069410385,14.730443905987684
social,social cohesion,national aggregate,Top-20,socialSupport,NA,NA,NA,NA,NA,5.874069145184791,6.057689108028072,6.251618548631882,8.163134690467501,8.8444627370489,8.000110212809957,8.167925845930597,9.45005381292644,8.564614252407353,10.356659339794945,9.568916262101451,9.607352270217348,9.32043267398879,9.688953783318697,9.45488861157429,8.427400253409317,10.242647596129274,10.525910315897647
social,social cohesion,national aggregate,World,palma,71.33337934561692,71.86686992979196,69.69780509217904,69.44987649726056,67.62562904990955,68.14812014902071,67.8362875620246,72.3777234514895,68.67555786907059,67.65568621775421,67.74812077409813,70.15298640194156,69.93719951025238,69.81115958101942,68.32719717828975,69.26743302922091,65.83370180282402,65.89126693255406,65.93252293481443,66.01532488753786,68.92366521521419,64.6097772909761,64.67316014998856
social,social cohesion,national aggregate,Bottom-40,palma,91.30067598811073,91.36012611074813,91.41991962148366,91.47736433468312,86.39552925845778,86.40604204282393,86.39838837169295,86.3699651519007,89.44396811318822,89.41539537079188,89.37842350652195,86.35012448851816,86.34730402694713,86.36201421247856,86.38907005205616,85.83105108500638,85.81916282554243,85.6104483058787,85.58503726030088,85.54900354474914,82.45770977867292,82.24154086339172,82.19508672930621
social,social cohesion,national aggregate,Middle-40,palma,77.69106417053807,78.56204888167777,73.4539344277766,72.5912475893575,72.63184536953953,73.59343146831846,72.71649168476543,72.97049518118197,71.6259879585125,69.12279042698954,69.13951834746835,77.42792106652554,76.74100830418496,76.49093876844947,72.80237046386456,75.36761796430703,67.11021345519455,67.23138782636867,67.12396649201119,67.1218763995705,66.76000969891706,66.7248818374096,66.68381582403006
social,social cohesion,national aggregate,Top-20,palma,0.7263747788150832,0.7323335293142074,0.7366231667534506,0.7399504241783421,1.435856159524172,1.4498829222537315,1.4693376343463107,31.258389770145,0.7530465621639463,0.759419066170098,0.7668753087248302,0.774798346463844,0.7826552890430515,0.03759356594049012,0.03769008771042886,0.03779760786785539,0.03787661229814219,0.03794024236493437,0.03800092114408341,0.03805237289743737,31.542921626315778,0.03819605958371423,0.03829879031100204
social,political voice,global doughnut,World,govRegimes,46.63682434002212,46.03006467388966,48.53922447061679,47.843051547869464,49.09820425326115,49.45188273225927,49.585767277403846,50.458514707234436,50.34204247842139,50.69099407074796,49.76636637588945,49.629011992481175,47.86732650505043,48.388476614128734,48.01433125670015,48.03791642380291,47.506385675565795,66.10254127017573,67.88491449842873,67.89607363564872,67.71991885965605,70.7494789907045,70.76488174681326
social,political voice,national aggregate,World,govRegimes,46.63682434002212,46.03006467388966,48.53922447061679,47.843051547869464,49.09820425326115,49.45188273225927,49.585767277403846,50.458514707234436,50.34204247842139,50.69099407074796,49.76636637588945,49.629011992481175,47.86732650505043,48.388476614128734,48.01433125670015,48.03791642380291,47.506385675565795,66.10254127017573,67.88491449842873,67.89607363564872,67.71991885965605,70.7494789907045,70.76488174681326
social,political voice,national aggregate,Bottom-40,govRegimes,41.38217078323952,42.17686816139429,47.65119141310264,46.02070787691624,49.36314388431499,49.47183334776879,49.044723199753896,51.12499287942518,50.66360198291573,51.45252283399444,47.89172678006471,47.49746383011767,43.71597951339107,42.59762699714071,41.252698219406106,41.972289461295006,40.75362273081321,83.39360155824201,87.07449175681936,88.24884165892153,87.63968549065692,94.18736739290786,92.47632465974412
social,political voice,national aggregate,Middle-40,govRegimes,65.24938617014983,63.224143611366635,63.95077172349557,63.83859312590583,63.60956357746102,64.26601164624962,64.91591913450239,64.90373916078399,65.0133489982456,64.98688719532511,66.23864988915037,66.26954433060615,65.87696191002995,68.16810933088465,68.6183041771846,67.93072957152759,67.92491715721151,67.8431249028327,67.99977479178625,66.53435687232991,66.4752420933063,66.40452591063021,67.9741616918732
social,political voice,national aggregate,Top-20,govRegimes,4.4600106517383535,4.535729652323122,4.605747407377373,4.672032194475192,4.73588456578209,4.843054827584195,5.02611630807032,5.252410315993269,5.489961386631916,5.711467819500376,5.874300275755264,5.991111828389012,6.106739802837487,6.2220214610568325,6.319008136415473,6.415653683781137,6.511372019948569,6.597572766060815,6.6841051112063665,6.75476180744287,6.743216241061302,6.71776159463216,6.762845283450791
social,peace and justice,global doughnut,World,controlCorruption,NA,NA,NA,NA,NA,79.93827983595126,80.05125172529529,81.42652439043862,82.58861759473042,82.16417234868277,80.50876076959149,80.89666373912203,79.09398855964955,79.28789563682088,77.89981894642439,76.77370622662853,77.14970265148527,75.39862471905622,77.05378272955056,74.56823478005977,75.70267463378325,74.62251558544021,74.77606433214086
social,peace and justice,global doughnut,World,homicideOver5,28.4529011778062,28.549872920288344,28.643585285817093,28.57152580248841,28.534742260183304,28.61694972048107,28.136229613279884,29.36902807154757,27.969637269675,22.14192763267398,21.568045124859403,21.266798066881616,22.8182664183681,22.85434854717238,22.879036859275317,18.66401996602369,24.009903555164907,24.822779712596983,16.8070023279195,15.361676805932248,20.52634094282375,20.811168734417095,19.52460119007237
social,peace and justice,national aggregate,World,controlCorruption,NA,NA,NA,NA,NA,79.93827983595126,80.05125172529529,81.42652439043862,82.58861759473042,82.16417234868277,80.50876076959149,80.89666373912203,79.09398855964955,79.28789563682088,77.89981894642439,76.77370622662853,77.14970265148527,75.39862471905622,77.05378272955056,74.56823478005977,75.70267463378325,74.62251558544021,74.77606433214086
social,peace and justice,national aggregate,Bottom-40,controlCorruption,NA,NA,NA,NA,NA,83.1334361074893,82.93388155841369,84.00084213054457,86.4668743813569,86.69588682061236,83.9341129075425,85.67560998522737,82.18645870392538,81.26722081496591,80.84445899786226,78.27766421094174,77.62377124314419,76.42548490745193,78.92593153328161,75.526142496348,78.48070092020077,76.58955983238496,77.13948772483658
social,peace and justice,national aggregate,Middle-40,controlCorruption,NA,NA,NA,NA,NA,84.99583992992108,84.94985072695542,86.3604270849872,85.95797955550884,85.04280093830961,83.2895948654823,82.12504680708967,81.82765102009691,82.91890244034164,81.64261822100663,82.89457385435004,83.76556343102129,82.25414040366283,82.50001942913727,80.81660530416366,80.6050129843971,79.80932053346504,79.25220908653117
social,peace and justice,national aggregate,Top-20,controlCorruption,NA,NA,NA,NA,NA,63.854344475485775,64.89588600329905,66.9015192526109,67.25786832493182,65.85064270648853,67.06633205050508,66.37044336074875,66.36969068982295,67.92372161762351,63.64921523035171,62.32080966869284,64.6133842859184,60.85949749350035,62.46684718183417,61.13036906886514,59.25309271932176,59.922529863749425,60.040925696854856
social,peace and justice,national aggregate,World,homicideOver5,28.4529011778062,28.549872920288344,28.643585285817093,28.57152580248841,28.534742260183304,28.61694972048107,28.136229613279884,29.36902807154757,27.969637269675,22.14192763267398,21.568045124859403,21.266798066881616,22.8182664183681,22.85434854717238,22.879036859275317,18.66401996602369,24.009903555164907,24.822779712596983,16.8070023279195,15.361676805932248,20.52634094282375,20.811168734417095,19.52460119007237
social,peace and justice,national aggregate,Bottom-40,homicideOver5,20.39193735998014,20.51766869274173,20.7947951420739,20.862903141872597,20.937536728097783,21.043003493533664,19.97656176078583,20.11066729527726,19.680169822316586,20.50006700096248,20.123869578343324,22.251215101111228,24.108228500341134,24.24788099719652,24.3903373051171,14.2776590987118,14.848718478031644,16.434855709746746,11.447157428138672,7.962336385575236,7.467194754028673,10.575257042562718,6.726303712397559
social,peace and justice,national aggregate,Middle-40,homicideOver5,33.911425887204146,34.052801163079195,34.07615730918286,33.91099362194605,33.81162525869685,33.94739779224968,33.83254247871173,36.515416023121574,33.83431228130252,31.763301751082366,30.814770195312104,28.271357921428535,30.11066272166636,30.04462138228638,29.946639278095745,29.46581395879879,29.49461518278582,29.94135830341344,27.888680395377985,27.84622531412089,28.59274577806641,26.416753717610796,27.18143581641045
social,peace and justice,national aggregate,Top-20,homicideOver5,30.88953822674476,31.007015564353384,31.09770610173106,31.16646980757223,31.235467174909665,31.2936920327636,31.325792969692383,31.33328278606508,31.329362414523487,0.03733896520624988,0.03757441999456818,0.03777145070916925,0.03790928767784551,0.03800491484308749,0.03810256497734009,0.03821130798337587,31.67971046265064,31.73923490828643,0.0384167769339472,0.03846886633870168,31.888678893851335,31.94543400307257,31.991770888635116
