domain,dimension,indicator,indCode,date,ratio,.fitted
ecological,climate change,co2_ppm,CC1,2000,27.085714285714246,25.426086956521754
ecological,climate change,co2_ppm,CC1,2001,29.385714285714283,28.554263128176185
ecological,climate change,co2_ppm,CC1,2002,32.25714285714285,31.682439299830616
ecological,climate change,co2_ppm,CC1,2003,35.9142857142857,34.81061547148505
ecological,climate change,co2_ppm,CC1,2004,38.49999999999998,37.93879164313948
ecological,climate change,co2_ppm,CC1,2005,41.400000000000034,41.06696781479391
ecological,climate change,co2_ppm,CC1,2006,44.499999999999964,44.19514398644834
ecological,climate change,co2_ppm,CC1,2007,46.99999999999997,47.323320158102774
ecological,climate change,co2_ppm,CC1,2008,50.0285714285714,50.451496329757205
ecological,climate change,co2_ppm,CC1,2009,52.14285714285714,53.579672501411636
ecological,climate change,co2_ppm,CC1,2010,55.37142857142856,56.70784867306607
ecological,climate change,co2_ppm,CC1,2011,58.04285714285713,59.8360248447205
ecological,climate change,co2_ppm,CC1,2012,60.9285714285714,62.96420101637493
ecological,climate change,co2_ppm,CC1,2013,64.85714285714283,66.09237718802936
ecological,climate change,co2_ppm,CC1,2014,67.62857142857139,69.22055335968379
ecological,climate change,co2_ppm,CC1,2015,70.9285714285714,72.34872953133822
ecological,climate change,co2_ppm,CC1,2016,75.8142857142857,75.47690570299265
ecological,climate change,co2_ppm,CC1,2017,78.88571428571431,78.60508187464708
ecological,climate change,co2_ppm,CC1,2018,82.3,81.73325804630151
ecological,climate change,co2_ppm,CC1,2019,85.81428571428572,84.86143421795595
ecological,climate change,co2_ppm,CC1,2020,89.19999999999999,87.98961038961038
ecological,climate change,co2_ppm,CC1,2021,92.42857142857144,91.11778656126482
ecological,climate change,co2_ppm,CC1,2022,95.8142857142857,94.24596273291925
ecological,climate change,erf_wm2,CC2,2000,76.8161509,61.12824917934782
ecological,climate change,erf_wm2,CC2,2001,80.01687689999999,66.63909458952568
ecological,climate change,erf_wm2,CC2,2002,76.98561690000001,72.14993999970355
ecological,climate change,erf_wm2,CC2,2003,78.2140571,77.66078540988141
ecological,climate change,erf_wm2,CC2,2004,82.05395879999999,83.17163082005928
ecological,climate change,erf_wm2,CC2,2005,81.8268351,88.68247623023714
ecological,climate change,erf_wm2,CC2,2006,83.6035212,94.19332164041501
ecological,climate change,erf_wm2,CC2,2007,90.71461869999999,99.70416705059287
ecological,climate change,erf_wm2,CC2,2008,98.9420045,105.21501246077074
ecological,climate change,erf_wm2,CC2,2009,108.01281359999999,110.7258578709486
ecological,climate change,erf_wm2,CC2,2010,112.5213918,116.23670328112647
ecological,climate change,erf_wm2,CC2,2011,117.08349359999998,121.74754869130433
ecological,climate change,erf_wm2,CC2,2012,119.2857836,127.2583941014822
ecological,climate change,erf_wm2,CC2,2013,130.5792855,132.76923951166006
ecological,climate change,erf_wm2,CC2,2014,134.5523777,138.28008492183793
ecological,climate change,erf_wm2,CC2,2015,140.78618289999997,143.7909303320158
ecological,climate change,erf_wm2,CC2,2016,154.16202710000002,149.30177574219366
ecological,climate change,erf_wm2,CC2,2017,158.4380082,154.81262115237152
ecological,climate change,erf_wm2,CC2,2018,165.0136802,160.32346656254938
ecological,climate change,erf_wm2,CC2,2019,164.71177169999999,165.83431197272725
ecological,climate change,erf_wm2,CC2,2020,179.4099165,171.34515738290511
ecological,climate change,erf_wm2,CC2,2021,174.96648050000002,176.85600279308298
ecological,climate change,erf_wm2,CC2,2022,191.4967669,182.36684820326084
ecological,ocean acidification,omega_a,OA1,2000,-34.20289855072468,-35.02205419029616
ecological,ocean acidification,omega_a,OA1,2001,-34.05797101449275,-33.750930858681336
ecological,ocean acidification,omega_a,OA1,2002,-31.884057971014546,-32.47980752706651
ecological,ocean acidification,omega_a,OA1,2003,-32.75362318840579,-31.20868419545169
ecological,ocean acidification,omega_a,OA1,2004,-30.72463768115945,-29.937560863836865
ecological,ocean acidification,omega_a,OA1,2005,-29.130434782608738,-28.66643753222204
ecological,ocean acidification,omega_a,OA1,2006,-26.95652173913047,-27.395314200607213
ecological,ocean acidification,omega_a,OA1,2007,-24.202898550724605,-26.12419086899239
ecological,ocean acidification,omega_a,OA1,2008,-23.6231884057971,-24.853067537377566
ecological,ocean acidification,omega_a,OA1,2009,-24.202898550724605,-23.581944205762742
ecological,ocean acidification,omega_a,OA1,2010,-22.753623188405815,-22.310820874147918
ecological,ocean acidification,omega_a,OA1,2011,-18.985507246376777,-21.03969754253309
ecological,ocean acidification,omega_a,OA1,2012,-18.8405797101449,-19.768574210918267
ecological,ocean acidification,omega_a,OA1,2013,-19.130434782608706,-18.497450879303443
ecological,ocean acidification,omega_a,OA1,2014,-19.130434782608706,-17.22632754768862
ecological,ocean acidification,omega_a,OA1,2015,-18.69565217391309,-15.955204216073795
ecological,ocean acidification,omega_a,OA1,2016,-15.797101449275397,-14.684080884458972
ecological,ocean acidification,omega_a,OA1,2017,-13.18840579710151,-13.412957552844148
ecological,ocean acidification,omega_a,OA1,2018,-11.014492753623195,-12.141834221229324
ecological,ocean acidification,omega_a,OA1,2019,-11.449275362318867,-10.8707108896145
ecological,ocean acidification,omega_a,OA1,2020,-10.289855072463826,-9.599587557999676
ecological,ocean acidification,omega_a,OA1,2021,-7.681159420289885,-8.328464226384849
ecological,ocean acidification,omega_a,OA1,2022,-5.217391304347818,-7.057340894770025
ecological,chemical pollution,chemicalsMt_Hzd,CP1,2000,1413.929,1413.929000000001
ecological,chemical pollution,chemicalsMt_Hzd,CP1,2001,1495.7751764705881,1495.7751764705893
ecological,chemical pollution,chemicalsMt_Hzd,CP1,2002,1577.6213529411766,1577.6213529411775
ecological,chemical pollution,chemicalsMt_Hzd,CP1,2003,1659.4675294117646,1659.4675294117656
ecological,chemical pollution,chemicalsMt_Hzd,CP1,2004,1741.3137058823527,1741.3137058823538
ecological,chemical pollution,chemicalsMt_Hzd,CP1,2005,1823.1598823529416,1823.159882352942
ecological,chemical pollution,chemicalsMt_Hzd,CP1,2006,1905.0060588235297,1905.0060588235303
ecological,chemical pollution,chemicalsMt_Hzd,CP1,2007,1986.8522352941181,1986.8522352941186
ecological,chemical pollution,chemicalsMt_Hzd,CP1,2008,2068.698411764706,2068.6984117647066
ecological,chemical pollution,chemicalsMt_Hzd,CP1,2009,2150.544588235294,2150.544588235295
ecological,chemical pollution,chemicalsMt_Hzd,CP1,2010,2232.3907647058822,2232.390764705883
ecological,chemical pollution,chemicalsMt_Hzd,CP1,2011,2314.2369411764707,2314.236941176471
ecological,chemical pollution,chemicalsMt_Hzd,CP1,2012,2396.083117647059,2396.0831176470597
ecological,chemical pollution,chemicalsMt_Hzd,CP1,2013,2477.9292941176477,2477.929294117648
ecological,chemical pollution,chemicalsMt_Hzd,CP1,2014,2559.7754705882357,2559.775470588236
ecological,chemical pollution,chemicalsMt_Hzd,CP1,2015,2641.6216470588233,2641.6216470588242
ecological,chemical pollution,chemicalsMt_Hzd,CP1,2016,2723.467823529412,2723.4678235294123
ecological,chemical pollution,chemicalsMt_Hzd,CP1,2017,2805.314,2805.3140000000008
ecological,nutrient pollution,phosphorusMt,NP1,2000,118.53687816901406,123.55538736221676
ecological,nutrient pollution,phosphorusMt,NP1,2001,127.31071197183095,130.69531369231197
ecological,nutrient pollution,phosphorusMt,NP1,2002,136.08454577464784,137.83524002240716
ecological,nutrient pollution,phosphorusMt,NP1,2003,144.85837957746477,144.97516635250236
ecological,nutrient pollution,phosphorusMt,NP1,2004,153.6322133802817,152.11509268259755
ecological,nutrient pollution,phosphorusMt,NP1,2005,162.40604718309854,159.25501901269274
ecological,nutrient pollution,phosphorusMt,NP1,2006,169.20698760563377,166.39494534278793
ecological,nutrient pollution,phosphorusMt,NP1,2007,176.007928028169,173.53487167288313
ecological,nutrient pollution,phosphorusMt,NP1,2008,182.80886845070418,180.67479800297832
ecological,nutrient pollution,phosphorusMt,NP1,2009,189.60980887323942,187.8147243330735
ecological,nutrient pollution,phosphorusMt,NP1,2010,196.4107492957746,194.9546506631687
ecological,nutrient pollution,phosphorusMt,NP1,2011,202.78288563380275,202.0945769932639
ecological,nutrient pollution,phosphorusMt,NP1,2012,209.15502197183096,209.2345033233591
ecological,nutrient pollution,phosphorusMt,NP1,2013,215.52715830985912,216.37442965345429
ecological,nutrient pollution,phosphorusMt,NP1,2014,221.89929464788736,223.51435598354948
ecological,nutrient pollution,phosphorusMt,NP1,2015,228.27143098591546,230.65428231364467
ecological,nutrient pollution,phosphorusMt,NP1,2016,236.70291338028164,237.79420864373986
ecological,nutrient pollution,phosphorusMt,NP1,2017,245.13439577464786,244.93413497383506
ecological,nutrient pollution,phosphorusMt,NP1,2018,253.56587816901404,252.07406130393025
ecological,nutrient pollution,phosphorusMt,NP1,2019,261.99736056338025,259.21398763402544
ecological,nutrient pollution,phosphorusMt,NP1,2020,270.4288429577465,266.35391396412064
ecological,nutrient pollution,phosphorusMt,NP1,2021,272.0886043661971,273.49384029421583
ecological,nutrient pollution,phosphorusMt,NP1,2022,273.7483657746478,280.633766624311
ecological,nutrient pollution,nitrogenMt,NP2,2000,113.29559887096777,112.39285270511925
ecological,nutrient pollution,nitrogenMt,NP2,2001,117.63496416129033,117.0412042349229
ecological,nutrient pollution,nitrogenMt,NP2,2002,121.97432945161295,121.68955576472655
ecological,nutrient pollution,nitrogenMt,NP2,2003,126.31369474193548,126.33790729453018
ecological,nutrient pollution,nitrogenMt,NP2,2004,130.65306003225805,130.98625882433385
ecological,nutrient pollution,nitrogenMt,NP2,2005,134.99242532258066,135.63461035413746
ecological,nutrient pollution,nitrogenMt,NP2,2006,139.68496387096775,140.2829618839411
ecological,nutrient pollution,nitrogenMt,NP2,2007,144.3775024193548,144.93131341374476
ecological,nutrient pollution,nitrogenMt,NP2,2008,149.07004096774193,149.5796649435484
ecological,nutrient pollution,nitrogenMt,NP2,2009,153.76257951612905,154.22801647335206
ecological,nutrient pollution,nitrogenMt,NP2,2010,158.45511806451614,158.8763680031557
ecological,nutrient pollution,nitrogenMt,NP2,2011,163.30003841935485,163.52471953295935
ecological,nutrient pollution,nitrogenMt,NP2,2012,168.1449587741936,168.17307106276297
ecological,nutrient pollution,nitrogenMt,NP2,2013,172.98987912903226,172.82142259256665
ecological,nutrient pollution,nitrogenMt,NP2,2014,177.83479948387097,177.46977412237027
ecological,nutrient pollution,nitrogenMt,NP2,2015,182.6797198387097,182.11812565217392
ecological,nutrient pollution,nitrogenMt,NP2,2016,187.30791703225808,186.76647718197756
ecological,nutrient pollution,nitrogenMt,NP2,2017,191.93611422580648,191.4148287117812
ecological,nutrient pollution,nitrogenMt,NP2,2018,196.56431141935485,196.06318024158486
ecological,nutrient pollution,nitrogenMt,NP2,2019,201.1925086129032,200.71153177138848
ecological,nutrient pollution,nitrogenMt,NP2,2020,205.82070580645163,205.35988330119216
ecological,nutrient pollution,nitrogenMt,NP2,2021,209.63467496774194,210.00823483099578
ecological,nutrient pollution,nitrogenMt,NP2,2022,213.44864412903223,214.65658636079942
ecological,freshwater disruption,blueDev,FD1,2000,74.76520196078435,79.39232838468726
ecological,freshwater disruption,blueDev,FD1,2001,82.7392901960784,78.69462415499538
ecological,freshwater disruption,blueDev,FD1,2002,86.29825686274508,77.99691992530349
ecological,freshwater disruption,blueDev,FD1,2003,73.47985294117649,77.29921569561161
ecological,freshwater disruption,blueDev,FD1,2004,66.29319411764708,76.60151146591973
ecological,freshwater disruption,blueDev,FD1,2005,82.3126107843137,75.90380723622783
ecological,freshwater disruption,soilDev,FD2,2000,39.04614954954957,39.68557732282284
ecological,freshwater disruption,soilDev,FD2,2001,47.483712612612614,42.207476152295165
ecological,freshwater disruption,soilDev,FD2,2002,42.67586126126126,44.7293749817675
ecological,freshwater disruption,soilDev,FD2,2003,44.332152252252286,47.25127381123983
ecological,freshwater disruption,soilDev,FD2,2004,44.27820270270271,49.773172640712154
ecological,freshwater disruption,soilDev,FD2,2005,56.35101081081082,52.29507147018448
ecological,freshwater disruption,soilDev,FD2,2006,51.62488288288289,54.816970299656816
ecological,freshwater disruption,soilDev,FD2,2007,53.29676675675677,57.338869129129144
ecological,freshwater disruption,soilDev,FD2,2008,66.13323171171173,59.86076795860147
ecological,freshwater disruption,soilDev,FD2,2009,70.78766801801804,62.382666788073806
ecological,freshwater disruption,soilDev,FD2,2010,68.2582428828829,64.90456561754613
ecological,freshwater disruption,soilDev,FD2,2011,64.06520603603605,67.42646444701846
ecological,freshwater disruption,soilDev,FD2,2012,60.47051792792797,69.9483632764908
ecological,freshwater disruption,soilDev,FD2,2013,77.8263081981982,72.47026210596312
ecological,freshwater disruption,soilDev,FD2,2014,73.45312333333334,74.99216093543545
ecological,land conversion,forestAreaMKM2,LC1,2000,54.42978991859739,54.49730296524601
ecological,land conversion,forestAreaMKM2,LC1,2001,54.7352402003757,54.787522343707245
ecological,land conversion,forestAreaMKM2,LC1,2002,55.04069098309328,55.07774172216848
ecological,land conversion,forestAreaMKM2,LC1,2003,55.34614182842827,55.36796110062972
ecological,land conversion,forestAreaMKM2,LC1,2004,55.65159261114587,55.65818047909095
ecological,land conversion,forestAreaMKM2,LC1,2005,55.95704289292427,55.94839985755219
ecological,land conversion,forestAreaMKM2,LC1,2006,56.26249367564184,56.23861923601343
ecological,land conversion,forestAreaMKM2,LC1,2007,56.567944520976845,56.528838614474665
ecological,land conversion,forestAreaMKM2,LC1,2008,56.87339474013775,56.8190579929359
ecological,land conversion,forestAreaMKM2,LC1,2009,57.17884558547273,57.10927737139714
ecological,land conversion,forestAreaMKM2,LC1,2010,57.48429636819032,57.39949674985838
ecological,land conversion,forestAreaMKM2,LC1,2011,57.7491852222918,57.68971612831962
ecological,land conversion,forestAreaMKM2,LC1,2012,58.01428597370071,57.97993550678085
ecological,land conversion,forestAreaMKM2,LC1,2013,58.27938735128364,58.270154885242086
ecological,land conversion,forestAreaMKM2,LC1,2014,58.54448816530993,58.560374263703324
ecological,land conversion,forestAreaMKM2,LC1,2015,58.80958891671888,58.85059364216456
ecological,land conversion,forestAreaMKM2,LC1,2016,59.10406111458983,59.1408130206258
ecological,land conversion,forestAreaMKM2,LC1,2017,59.39853274890421,59.43103239908704
ecological,land conversion,forestAreaMKM2,LC1,2018,59.6930043206011,59.721251777548275
ecological,land conversion,forestAreaMKM2,LC1,2019,59.987476518472135,60.011471156009506
ecological,land conversion,forestAreaMKM2,LC1,2020,60.28194809016909,60.301690534470744
ecological,biodiversity breakdown,extinction1900,BB1,2000,900,900.0000000000007
ecological,biodiversity breakdown,extinction1900,BB1,2001,900,900.0000000000007
ecological,biodiversity breakdown,extinction1900,BB1,2002,900,900.0000000000007
ecological,biodiversity breakdown,extinction1900,BB1,2003,900,900.0000000000006
ecological,biodiversity breakdown,extinction1900,BB1,2004,900,900.0000000000006
ecological,biodiversity breakdown,extinction1900,BB1,2005,900,900.0000000000006
ecological,biodiversity breakdown,extinction1900,BB1,2006,900,900.0000000000006
ecological,biodiversity breakdown,extinction1900,BB1,2007,900,900.0000000000006
ecological,biodiversity breakdown,extinction1900,BB1,2008,900,900.0000000000005
ecological,biodiversity breakdown,extinction1900,BB1,2009,900,900.0000000000005
ecological,biodiversity breakdown,extinction1900,BB1,2010,900,900.0000000000005
ecological,biodiversity breakdown,extinction1900,BB1,2011,900,900.0000000000005
ecological,biodiversity breakdown,extinction1900,BB1,2012,900,900.0000000000003
ecological,biodiversity breakdown,extinction1900,BB1,2013,900,900.0000000000003
ecological,biodiversity breakdown,extinction1900,BB1,2014,900,900.0000000000003
ecological,biodiversity breakdown,extinction1900,BB1,2015,900,900.0000000000003
ecological,biodiversity breakdown,extinction1900,BB1,2016,900,900.0000000000003
ecological,biodiversity breakdown,extinction1900,BB1,2017,900,900.0000000000002
ecological,biodiversity breakdown,extinction1900,BB1,2018,900,900.0000000000002
ecological,biodiversity breakdown,extinction1900,BB1,2019,900,900.0000000000002
ecological,biodiversity breakdown,extinction1900,BB1,2020,900,900.0000000000002
ecological,biodiversity breakdown,extinction1900,BB1,2021,900,900.0000000000002
ecological,biodiversity breakdown,extinction1900,BB1,2022,900,900.0000000000001
ecological,biodiversity breakdown,hanppGtC,BB2,2000,161.18067978533094,161.18067978533097
ecological,biodiversity breakdown,hanppGtC,BB2,2001,163.1484794275492,163.1484794275492
ecological,biodiversity breakdown,hanppGtC,BB2,2002,165.11627906976747,165.11627906976747
ecological,biodiversity breakdown,hanppGtC,BB2,2003,167.08407871198568,167.0840787119857
ecological,biodiversity breakdown,hanppGtC,BB2,2004,169.05187835420392,169.05187835420395
ecological,biodiversity breakdown,hanppGtC,BB2,2005,171.0196779964222,171.0196779964222
ecological,biodiversity breakdown,hanppGtC,BB2,2006,172.98747763864043,172.98747763864046
ecological,biodiversity breakdown,hanppGtC,BB2,2007,174.9552772808587,174.9552772808587
ecological,biodiversity breakdown,hanppGtC,BB2,2008,176.9230769230769,176.92307692307693
ecological,biodiversity breakdown,hanppGtC,BB2,2009,178.89087656529517,178.8908765652952
ecological,biodiversity breakdown,hanppGtC,BB2,2010,180.8586762075134,180.85867620751344
ecological,biodiversity breakdown,hanppGtC,BB2,2011,182.82647584973168,182.82647584973168
ecological,biodiversity breakdown,hanppGtC,BB2,2012,184.79427549194992,184.79427549194992
ecological,biodiversity breakdown,hanppGtC,BB2,2013,186.76207513416819,186.76207513416819
ecological,biodiversity breakdown,hanppGtC,BB2,2014,188.7298747763864,188.72987477638642
ecological,biodiversity breakdown,hanppGtC,BB2,2015,190.6976744186047,190.69767441860466
ecological,biodiversity breakdown,hanppGtC,BB2,2016,192.6654740608229,192.66547406082293
ecological,biodiversity breakdown,hanppGtC,BB2,2017,194.63327370304114,194.63327370304117
ecological,biodiversity breakdown,hanppGtC,BB2,2018,196.60107334525944,196.6010733452594
ecological,biodiversity breakdown,hanppGtC,BB2,2019,198.56887298747768,198.56887298747768
ecological,biodiversity breakdown,hanppGtC,BB2,2020,200.5366726296959,200.53667262969591
ecological,air pollution,interhemAOD,AP1,2000,-28.57142857142857,-28.57142857142855
ecological,air pollution,interhemAOD,AP1,2001,-28.57142857142857,-28.57142857142855
ecological,air pollution,interhemAOD,AP1,2002,-28.57142857142857,-28.57142857142855
ecological,air pollution,interhemAOD,AP1,2003,-28.57142857142857,-28.57142857142855
ecological,air pollution,interhemAOD,AP1,2004,-28.57142857142857,-28.57142857142855
ecological,air pollution,interhemAOD,AP1,2005,-28.57142857142857,-28.571428571428555
ecological,air pollution,interhemAOD,AP1,2006,-28.57142857142857,-28.571428571428555
ecological,air pollution,interhemAOD,AP1,2007,-28.57142857142857,-28.571428571428555
ecological,air pollution,interhemAOD,AP1,2008,-28.57142857142857,-28.571428571428555
ecological,air pollution,interhemAOD,AP1,2009,-28.57142857142857,-28.571428571428555
ecological,air pollution,interhemAOD,AP1,2010,-28.57142857142857,-28.571428571428555
ecological,air pollution,interhemAOD,AP1,2011,-28.57142857142857,-28.571428571428555
ecological,air pollution,interhemAOD,AP1,2012,-28.57142857142857,-28.571428571428555
ecological,air pollution,interhemAOD,AP1,2013,-28.57142857142857,-28.571428571428555
ecological,air pollution,interhemAOD,AP1,2014,-28.57142857142857,-28.571428571428555
ecological,air pollution,interhemAOD,AP1,2015,-28.57142857142857,-28.57142857142856
ecological,air pollution,interhemAOD,AP1,2016,-28.57142857142857,-28.57142857142856
ecological,air pollution,interhemAOD,AP1,2017,-28.57142857142857,-28.57142857142856
ecological,air pollution,interhemAOD,AP1,2018,-28.57142857142857,-28.57142857142856
ecological,air pollution,interhemAOD,AP1,2019,-28.57142857142857,-28.57142857142856
ecological,air pollution,interhemAOD,AP1,2020,-28.57142857142857,-28.57142857142856
ecological,air pollution,interhemAOD,AP1,2021,-28.57142857142857,-28.57142857142856
ecological,air pollution,interhemAOD,AP1,2022,-28.57142857142857,-28.57142857142856
ecological,ozone depletion,totalOzone,OD1,2000,-59.282793317521495,-52.32952813655277
ecological,ozone depletion,totalOzone,OD1,2001,-63.213675362724885,-52.27841623965911
ecological,ozone depletion,totalOzone,OD1,2002,-31.558009556364496,-52.22730434276545
ecological,ozone depletion,totalOzone,OD1,2003,-72.71575927734281,-52.17619244587179
ecological,ozone depletion,totalOzone,OD1,2004,-25.21602085658563,-52.12508054897813
ecological,ozone depletion,totalOzone,OD1,2005,-63.74664306640714,-52.073968652084474
ecological,ozone depletion,totalOzone,OD1,2006,-21.266065325057326,-52.02285675519082
ecological,ozone depletion,totalOzone,OD1,2007,-69.97767857142864,-51.971744858297164
ecological,ozone depletion,totalOzone,OD1,2008,-29.34472220284643,-51.920632961403506
ecological,ozone depletion,totalOzone,OD1,2009,-57.39408220563571,-51.86952106450985
ecological,ozone depletion,totalOzone,OD1,2010,-69.10422188895001,-51.81840916761619
ecological,ozone depletion,totalOzone,OD1,2011,-67.24526541573954,-51.76729727072253
ecological,ozone depletion,totalOzone,OD1,2012,-67.0209612165179,-51.71618537382887
ecological,ozone depletion,totalOzone,OD1,2013,-26.446860177178756,-51.66507347693521
ecological,ozone depletion,totalOzone,OD1,2014,-67.9893493652359,-51.613961580041554
ecological,ozone depletion,totalOzone,OD1,2015,-66.91785539899632,-51.562849683147896
ecological,ozone depletion,totalOzone,OD1,2016,-22.7048601422998,-51.51173778625424
ecological,ozone depletion,totalOzone,OD1,2017,-55.331965855189424,-51.460625889360585
ecological,ozone depletion,totalOzone,OD1,2018,-73.71989658900743,-51.40951399246693
ecological,ozone depletion,totalOzone,OD1,2019,-25.413186209542793,-51.35840209557327
ecological,ozone depletion,totalOzone,OD1,2020,-42.56973266601795,-51.30729019867961
ecological,ozone depletion,totalOzone,OD1,2021,-61.26316615513553,-51.25617830178595
social,food,undernourishment,NU1,2000,13.085805434873098,12.62674577200927
social,food,undernourishment,NU1,2001,13.140673527052316,12.383796814996666
social,food,undernourishment,NU1,2002,13.177027300904031,12.14084785798406
social,food,undernourishment,NU1,2003,13.119044427040993,11.897898900971455
social,food,undernourishment,NU1,2004,12.793241548738987,11.65494994395885
social,food,undernourishment,NU1,2005,12.238760608595655,11.412000986946246
social,food,undernourishment,NU1,2006,11.35521148930233,11.16905202993364
social,food,undernourishment,NU1,2007,10.438515336918652,10.926103072921036
social,food,undernourishment,NU1,2008,9.77583564312592,10.683154115908431
social,food,undernourishment,NU1,2009,9.2899866117098,10.440205158895825
social,food,undernourishment,NU1,2010,8.930578654318676,10.19725620188322
social,food,undernourishment,NU1,2011,8.653259996793405,9.954307244870616
social,food,undernourishment,NU1,2012,8.418606575577803,9.711358287858012
social,food,undernourishment,NU1,2013,8.193773029696983,9.468409330845406
social,food,undernourishment,NU1,2014,8.12397950584084,9.225460373832801
social,food,undernourishment,NU1,2015,8.101729265583234,8.982511416820195
social,food,undernourishment,NU1,2016,8.029360608424717,8.73956245980759
social,food,undernourishment,NU1,2017,7.894138520241601,8.496613502794986
social,food,undernourishment,NU1,2018,7.881450221474995,8.253664545782382
social,food,undernourishment,NU1,2019,8.33396586294024,8.010715588769777
social,food,undernourishment,NU1,2020,8.913534724885997,7.767766631757171
social,food,undernourishment,NU1,2021,9.441514698158482,7.5248176747445665
social,food,undernourishment,NU1,2022,9.61907303982532,7.281868717731961
social,food,foodInsecurity,NU2,2015,22.241140536371727,21.738888429647726
social,food,foodInsecurity,NU2,2016,23.13756361307009,22.807196611577588
social,food,foodInsecurity,NU2,2017,23.776079272492723,23.87550479350745
social,food,foodInsecurity,NU2,2018,24.019190923060872,24.94381297543731
social,food,foodInsecurity,NU2,2019,25.343181013552197,26.012121157367172
social,food,foodInsecurity,NU2,2020,27.07015213566699,27.080429339297034
social,food,foodInsecurity,NU2,2021,28.87376141848822,28.148737521226895
social,food,foodInsecurity,NU2,2022,29.362667618515093,29.217045703156757
social,health,under5death,HE1,2000,75.39809756394527,67.91528380644347
social,health,under5death,HE1,2001,74.89198026870152,66.47109218030215
social,health,under5death,HE1,2002,75.02519549890566,65.02690055416085
social,health,under5death,HE1,2003,73.2704568322589,63.58270892801953
social,health,under5death,HE1,2004,73.44222831326314,62.13851730187821
social,health,under5death,HE1,2005,50.0908631548288,60.6943256757369
social,health,under5death,HE1,2006,46.50634571625956,59.25013404959559
social,health,under5death,HE1,2007,46.67916610820736,57.80594242345427
social,health,under5death,HE1,2008,46.75516337730527,56.36175079731296
social,health,under5death,HE1,2009,46.9379870192718,54.917559171171646
social,health,under5death,HE1,2010,47.08784129850495,53.47336754503033
social,health,under5death,HE1,2011,47.32556265379759,52.02917591888902
social,health,under5death,HE1,2012,47.84124009190213,50.584984292747706
social,health,under5death,HE1,2013,47.591472238946906,49.14079266660639
social,health,under5death,HE1,2014,46.0456572914745,47.696601040465076
social,health,under5death,HE1,2015,46.270626868941314,46.252409414323765
social,health,under5death,HE1,2016,45.83338304715026,44.808217788182446
social,health,under5death,HE1,2017,46.07483160598028,43.36402616204113
social,health,under5death,HE1,2018,42.82796063079674,41.91983453589982
social,health,under5death,HE1,2019,42.898325404036186,40.475642909758506
social,health,under5death,HE1,2020,42.938348269572856,39.03145128361719
social,health,under5death,HE1,2021,42.32263256146575,37.587259657475876
social,health,under5death,HE1,2022,42.615680318930416,36.143068031334565
social,health,UHCindex,HE2,2000,79.0527272437684,80.62655764603477
social,health,UHCindex,HE2,2001,79.17547648836201,77.86871625602807
social,health,UHCindex,HE2,2002,79.10786593567984,75.11087486602138
social,health,UHCindex,HE2,2003,77.88501083554313,72.35303347601467
social,health,UHCindex,HE2,2004,74.45193790218205,69.59519208600798
social,health,UHCindex,HE2,2005,73.89190637906819,66.83735069600128
social,health,UHCindex,HE2,2006,72.04726189268662,64.07950930599459
social,health,UHCindex,HE2,2007,51.46573704097537,61.32166791598789
social,health,UHCindex,HE2,2008,48.78392099520096,58.5638265259812
social,health,UHCindex,HE2,2009,46.82074255283953,55.805985135974495
social,health,UHCindex,HE2,2010,47.039466572214,53.048143745967806
social,health,UHCindex,HE2,2011,45.7950479994642,50.2903023559611
social,health,UHCindex,HE2,2012,45.449454833094784,47.53246096595441
social,health,UHCindex,HE2,2013,44.55795205951899,44.77461957594771
social,health,UHCindex,HE2,2014,44.732009108730075,42.016778185941014
social,health,UHCindex,HE2,2015,43.87837253481231,39.25893679593432
social,health,UHCindex,HE2,2016,44.34826026777146,36.50109540592762
social,health,UHCindex,HE2,2017,24.963895677084135,33.743254015920925
social,health,UHCindex,HE2,2018,25.438883238431163,30.98541262591423
social,health,UHCindex,HE2,2019,24.776366994376996,28.227571235907533
social,health,UHCindex,HE2,2020,27.200485932790397,25.469729845900837
social,health,UHCindex,HE2,2021,27.745798701425517,22.71188845589414
social,health,UHCindex,HE2,2022,28.068373001085067,19.954047065887444
social,education,adultLiteracy,ED1,2000,23.134617173360937,23.91960783088158
social,education,adultLiteracy,ED1,2001,23.151646232871503,23.549934945648832
social,education,adultLiteracy,ED1,2002,23.08150335333332,23.18026206041608
social,education,adultLiteracy,ED1,2003,22.961857041389422,22.81058917518333
social,education,adultLiteracy,ED1,2004,22.702262341745218,22.44091628995058
social,education,adultLiteracy,ED1,2005,22.445086451887676,22.07124340471783
social,education,adultLiteracy,ED1,2006,21.98122980435415,21.701570519485077
social,education,adultLiteracy,ED1,2007,21.841448700812283,21.33189763425233
social,education,adultLiteracy,ED1,2008,21.428149300897093,20.962224749019576
social,education,adultLiteracy,ED1,2009,20.86272771787412,20.592551863786827
social,education,adultLiteracy,ED1,2010,20.2836647620779,20.222878978554075
social,education,adultLiteracy,ED1,2011,19.711957072158715,19.853206093321326
social,education,adultLiteracy,ED1,2012,19.326433080118665,19.483533208088573
social,education,adultLiteracy,ED1,2013,19.038129474595134,19.113860322855825
social,education,adultLiteracy,ED1,2014,18.649380341369426,18.744187437623072
social,education,adultLiteracy,ED1,2015,18.294594151919174,18.374514552390323
social,education,adultLiteracy,ED1,2016,17.821186534746825,18.00484166715757
social,education,adultLiteracy,ED1,2017,17.39786854209878,17.635168781924822
social,education,adultLiteracy,ED1,2018,17.049529748261772,17.26549589669207
social,education,adultLiteracy,ED1,2019,16.63288590972243,16.89582301145932
social,education,adultLiteracy,ED1,2020,16.390907342681004,16.526150126226568
social,education,adultLiteracy,ED1,2021,16.285196016087355,16.15647724099382
social,education,adultLiteracy,ED1,2022,16.15147905202745,15.786804355761069
social,education,secondarySchool,ED2,2000,60.869767047479485,63.59475490630811
social,education,secondarySchool,ED2,2001,60.48167260556626,62.31663414444991
social,education,secondarySchool,ED2,2002,59.97069946731004,61.038513382591695
social,education,secondarySchool,ED2,2003,59.606385530269115,59.76039262073349
social,education,secondarySchool,ED2,2004,59.10078082728987,58.48227185887528
social,education,secondarySchool,ED2,2005,58.581940473142026,57.204151097017075
social,education,secondarySchool,ED2,2006,57.52751070262503,55.92603033515886
social,education,secondarySchool,ED2,2007,56.709627182334856,54.64790957330066
social,education,secondarySchool,ED2,2008,54.902186474709524,53.36978881144245
social,education,secondarySchool,ED2,2009,53.526985780639926,52.09166804958424
social,education,secondarySchool,ED2,2010,52.324680787856046,50.81354728772604
social,education,secondarySchool,ED2,2011,49.96964898008468,49.53542652586783
social,education,secondarySchool,ED2,2012,48.30625443540897,48.25730576400962
social,education,secondarySchool,ED2,2013,46.62073179032256,46.97918500215141
social,education,secondarySchool,ED2,2014,45.28696333679786,45.701064240293206
social,education,secondarySchool,ED2,2015,43.25669278226296,44.422943478435
social,education,secondarySchool,ED2,2016,43.37207396079472,43.14482271657679
social,education,secondarySchool,ED2,2017,40.57481116157528,41.86670195471858
social,education,secondarySchool,ED2,2018,38.69743933899413,40.588581192860374
social,education,secondarySchool,ED2,2019,38.04383645608016,39.31046043100217
social,education,secondarySchool,ED2,2020,37.45781879057078,38.03233966914396
social,education,secondarySchool,ED2,2021,37.21536140597729,36.754218907285754
social,education,secondarySchool,ED2,2022,36.91094077686816,35.47609814542754
social,income and work,societalPoverty,IW1,2000,84.91608777305612,85.5990068281117
social,income and work,societalPoverty,IW1,2001,84.58145785980076,84.9884320525188
social,income and work,societalPoverty,IW1,2002,84.21768724659651,84.37785727692592
social,income and work,societalPoverty,IW1,2003,83.88299294599337,83.76728250133303
social,income and work,societalPoverty,IW1,2004,83.299255881497,83.15670772574013
social,income and work,societalPoverty,IW1,2005,82.84213662578868,82.54613295014725
social,income and work,societalPoverty,IW1,2006,82.20622644969305,81.93555817455436
social,income and work,societalPoverty,IW1,2007,81.46675259103881,81.32498339896148
social,income and work,societalPoverty,IW1,2008,80.82300411158884,80.71440862336858
social,income and work,societalPoverty,IW1,2009,80.42028349275428,80.10383384777569
social,income and work,societalPoverty,IW1,2010,79.81551373318119,79.49325907218281
social,income and work,societalPoverty,IW1,2011,79.31551655949569,78.88268429658991
social,income and work,societalPoverty,IW1,2012,78.58608068943933,78.27210952099702
social,income and work,societalPoverty,IW1,2013,77.71354292387895,77.66153474540414
social,income and work,societalPoverty,IW1,2014,77.0336670989559,77.05095996981125
social,income and work,societalPoverty,IW1,2015,76.40765660580801,76.44038519421835
social,income and work,societalPoverty,IW1,2016,75.64092754967889,75.82981041862547
social,income and work,societalPoverty,IW1,2017,74.70757922752239,75.21923564303258
social,income and work,societalPoverty,IW1,2018,73.95985409084031,74.60866086743968
social,income and work,societalPoverty,IW1,2019,73.43638883965224,73.9980860918468
social,income and work,societalPoverty,IW1,2020,74.02589505355965,73.3875113162539
social,income and work,societalPoverty,IW1,2021,72.48975181496408,72.77693654066101
social,income and work,societalPoverty,IW1,2022,72.51347965678372,72.16636176506813
social,income and work,youthNEET,IW2,2005,24.96911386450915,23.620306253595192
social,income and work,youthNEET,IW2,2006,24.119906897244448,23.488189151956764
social,income and work,youthNEET,IW2,2007,23.54177375833243,23.356072050318332
social,income and work,youthNEET,IW2,2008,22.987336040684003,23.223954948679904
social,income and work,youthNEET,IW2,2009,22.88261418991121,23.091837847041475
social,income and work,youthNEET,IW2,2010,22.470180860532352,22.959720745403047
social,income and work,youthNEET,IW2,2011,21.95171060330725,22.827603643764615
social,income and work,youthNEET,IW2,2012,21.829306598606134,22.695486542126186
social,income and work,youthNEET,IW2,2013,21.675702195784297,22.563369440487758
social,income and work,youthNEET,IW2,2014,21.743664461572465,22.43125233884933
social,income and work,youthNEET,IW2,2015,21.914756714868478,22.299135237210898
social,income and work,youthNEET,IW2,2016,22.38335097500207,22.16701813557247
social,income and work,youthNEET,IW2,2017,22.368349724869073,22.03490103393404
social,income and work,youthNEET,IW2,2018,22.412713366812596,21.902783932295613
social,income and work,youthNEET,IW2,2019,22.55358508308848,21.77066683065718
social,income and work,youthNEET,IW2,2020,23.150606429929365,21.638549729018752
social,income and work,youthNEET,IW2,2021,21.689898938851105,21.506432627380324
social,income and work,youthNEET,IW2,2022,20.30702531012881,21.374315525741896
social,water,drinkingH2O,WA1,2000,39.31293234206692,39.62209484175373
social,water,drinkingH2O,WA1,2001,39.3193719791296,39.476261659808294
social,water,drinkingH2O,WA1,2002,39.29297203355724,39.33042847786286
social,water,drinkingH2O,WA1,2003,39.26254271089004,39.18459529591743
social,water,drinkingH2O,WA1,2004,39.1550806993221,39.038762113972
social,water,drinkingH2O,WA1,2005,39.04029304505479,38.892928932026564
social,water,drinkingH2O,WA1,2006,38.91658132954296,38.74709575008113
social,water,drinkingH2O,WA1,2007,38.76808913818706,38.6012625681357
social,water,drinkingH2O,WA1,2008,38.60102125218409,38.45542938619027
social,water,drinkingH2O,WA1,2009,38.418751146688294,38.30959620424483
social,water,drinkingH2O,WA1,2010,38.23393866125006,38.1637630222994
social,water,drinkingH2O,WA1,2011,38.048199248612576,38.01792984035397
social,water,drinkingH2O,WA1,2012,37.833291702853366,37.87209665840854
social,water,drinkingH2O,WA1,2013,37.649478967921176,37.7262634764631
social,water,drinkingH2O,WA1,2014,37.4757792375292,37.58043029451767
social,water,drinkingH2O,WA1,2015,37.29803814391806,37.43459711257224
social,water,drinkingH2O,WA1,2016,37.14883031682654,37.28876393062681
social,water,drinkingH2O,WA1,2017,37.00568922002557,37.14293074868137
social,water,drinkingH2O,WA1,2018,36.87285355829445,36.99709756673594
social,water,drinkingH2O,WA1,2019,36.76082761424928,36.85126438479051
social,water,drinkingH2O,WA1,2020,36.69581567943532,36.70543120284508
social,water,drinkingH2O,WA1,2021,36.66407858322589,36.55959802089964
social,water,drinkingH2O,WA1,2022,36.63792971737651,36.41376483895421
social,water,sanitation,WA2,2000,66.31017376532743,68.06147821624968
social,water,sanitation,WA2,2001,65.9243617552961,66.81928439277961
social,water,sanitation,WA2,2002,65.41882707697982,65.57709056930952
social,water,sanitation,WA2,2003,64.56546809164163,64.33489674583944
social,water,sanitation,WA2,2004,63.44109894462277,63.09270292236936
social,water,sanitation,WA2,2005,62.33425516598346,61.85050909889928
social,water,sanitation,WA2,2006,61.18298972131089,60.6083152754292
social,water,sanitation,WA2,2007,59.974199447890086,59.36612145195912
social,water,sanitation,WA2,2008,58.73269265611347,58.12392762848904
social,water,sanitation,WA2,2009,57.45605740645689,56.88173380501896
social,water,sanitation,WA2,2010,56.1659322465892,55.63953998154888
social,water,sanitation,WA2,2011,54.85842194364376,54.3973461580788
social,water,sanitation,WA2,2012,53.516491134747234,53.155152334608715
social,water,sanitation,WA2,2013,52.15251796181699,51.91295851113864
social,water,sanitation,WA2,2014,50.751974573614376,50.67076468766855
social,water,sanitation,WA2,2015,49.33229860483743,49.42857086419848
social,water,sanitation,WA2,2016,47.90124352051116,48.186377040728395
social,water,sanitation,WA2,2017,46.47976193623666,46.94418321725831
social,water,sanitation,WA2,2018,45.0666872465756,45.70198939378824
social,water,sanitation,WA2,2019,43.67451801792409,44.45979557031815
social,water,sanitation,WA2,2020,42.78253447767987,43.217601746848075
social,water,sanitation,WA2,2021,41.94855184722412,41.97540792337799
social,water,sanitation,WA2,2022,41.16790409278907,40.73321409990791
social,energy,energyAccess,EN1,2000,21.71216676174038,22.228745259097657
social,energy,energyAccess,EN1,2001,21.21879744902998,21.583942120960607
social,energy,energyAccess,EN1,2002,20.825411979576447,20.93913898282356
social,energy,energyAccess,EN1,2003,19.969591132341115,20.29433584468651
social,energy,energyAccess,EN1,2004,19.981507105774355,19.64953270654946
social,energy,energyAccess,EN1,2005,19.229182276804647,19.004729568412415
social,energy,energyAccess,EN1,2006,18.58172460581835,18.359926430275365
social,energy,energyAccess,EN1,2007,17.81224476712583,17.715123292138315
social,energy,energyAccess,EN1,2008,17.212627308641405,17.070320154001266
social,energy,energyAccess,EN1,2009,16.80320635637572,16.42551701586422
social,energy,energyAccess,EN1,2010,16.223395738771384,15.78071387772717
social,energy,energyAccess,EN1,2011,15.170371392676374,15.135910739590122
social,energy,energyAccess,EN1,2012,14.748080165853327,14.491107601453074
social,energy,energyAccess,EN1,2013,13.988920572486352,13.846304463316024
social,energy,energyAccess,EN1,2014,13.50804227325696,13.201501325178976
social,energy,energyAccess,EN1,2015,12.791876673710533,12.556698187041926
social,energy,energyAccess,EN1,2016,11.62971877927167,11.911895048904878
social,energy,energyAccess,EN1,2017,10.809917269054026,11.26709191076783
social,energy,energyAccess,EN1,2018,9.944689819519837,10.62228877263078
social,energy,energyAccess,EN1,2019,9.644546314785163,9.977485634493732
social,energy,energyAccess,EN1,2020,9.368784068942004,9.332682496356682
social,energy,energyAccess,EN1,2021,8.439088574747222,8.687879358219634
social,energy,energyAccess,EN1,2022,8.512055624269642,8.043076220082586
social,energy,energyIndoor,EN2,2000,50.48680350729653,52.79312549102441
social,energy,energyIndoor,EN2,2001,49.96021951394507,51.63302964963236
social,energy,energyIndoor,EN2,2002,49.33688370577439,50.47293380824031
social,energy,energyIndoor,EN2,2003,48.74044990745773,49.312837966848264
social,energy,energyIndoor,EN2,2004,48.031584069145175,48.152742125456214
social,energy,energyIndoor,EN2,2005,47.41795311843832,46.992646284064165
social,energy,energyIndoor,EN2,2006,46.59013495162932,45.832550442672115
social,energy,energyIndoor,EN2,2007,45.7000031600619,44.672454601280066
social,energy,energyIndoor,EN2,2008,44.73234742951816,43.512358759888016
social,energy,energyIndoor,EN2,2009,43.64813347316807,42.35226291849597
social,energy,energyIndoor,EN2,2010,42.526565093381706,41.19216707710392
social,energy,energyIndoor,EN2,2011,41.320567209761094,40.03207123571186
social,energy,energyIndoor,EN2,2012,40.0682373913421,38.87197539431981
social,energy,energyIndoor,EN2,2013,38.66493008201438,37.71187955292776
social,energy,energyIndoor,EN2,2014,37.323891561257625,36.55178371153571
social,energy,energyIndoor,EN2,2015,35.92028347999335,35.39168787014366
social,energy,energyIndoor,EN2,2016,34.39502505908833,34.231592028751614
social,energy,energyIndoor,EN2,2017,32.94149776330937,33.071496187359564
social,energy,energyIndoor,EN2,2018,31.380470212666943,31.911400345967515
social,energy,energyIndoor,EN2,2019,29.940344859745373,30.751304504575465
social,energy,energyIndoor,EN2,2020,28.495148214720377,29.591208663183416
social,energy,energyIndoor,EN2,2021,27.200249803858824,28.431112821791363
social,energy,energyIndoor,EN2,2022,25.915914853798526,27.271016980399313
social,connectivity,publicTrans,CO1,2020,52.70890540313151,52.70890540313151
social,connectivity,internet,CO2,2000,93.5249978168704,96.726989827206907
social,connectivity,internet,CO2,2001,91.99997741945565,94.12317328331977
social,connectivity,internet,CO2,2002,89.42391265779273,91.51935673943264
social,connectivity,internet,CO2,2003,87.76877966088784,88.91554019554552
social,connectivity,internet,CO2,2004,85.89351277271666,86.31172365165838
social,connectivity,internet,CO2,2005,84.44443853593782,83.70790710777125
social,connectivity,internet,CO2,2006,82.77960972853488,81.10409056388411
social,connectivity,internet,CO2,2007,79.73093600109722,78.50027401999698
social,connectivity,internet,CO2,2008,77.18830822378132,75.89645747610984
social,connectivity,internet,CO2,2009,74.64592668550112,73.29264093222272
social,connectivity,internet,CO2,2010,71.45933651231131,70.68882438833559
social,connectivity,internet,CO2,2011,68.99663322396557,68.08500784444846
social,connectivity,internet,CO2,2012,66.51492899124398,65.48119130056132
social,connectivity,internet,CO2,2013,64.52402243292588,62.87737475667419
social,connectivity,internet,CO2,2014,62.340510369264294,60.27355821278706
social,connectivity,internet,CO2,2015,59.94768027124695,57.66974166889993
social,connectivity,internet,CO2,2016,56.916622370662395,55.0659251250128
social,connectivity,internet,CO2,2017,54.58029597669067,52.46210858112566
social,connectivity,internet,CO2,2018,51.54707569290379,49.858292037238535
social,connectivity,internet,CO2,2019,46.90677913729161,47.2544754933514
social,connectivity,internet,CO2,2020,40.82018604024727,44.65065894946427
social,connectivity,internet,CO2,2021,38.17637318509968,42.04684240557714
social,connectivity,internet,CO2,2022,35.824336715885494,39.44302586169
social,housing,urbanSlums,HO1,2000,39.71038030030984,39.93557886123754
social,housing,urbanSlums,HO1,2001,39.59871792495465,39.542244516648985
social,housing,urbanSlums,HO1,2002,39.48523541823214,39.14891017206043
social,housing,urbanSlums,HO1,2003,39.06343504028147,38.75557582747188
social,housing,urbanSlums,HO1,2004,38.63191851572007,38.36224148288333
social,housing,urbanSlums,HO1,2005,38.19483701995875,37.968907138294774
social,housing,urbanSlums,HO1,2006,37.74560695507701,37.57557279370622
social,housing,urbanSlums,HO1,2007,37.251751312465245,37.18223844911767
social,housing,urbanSlums,HO1,2008,36.858507756748935,36.78890410452912
social,housing,urbanSlums,HO1,2009,36.36621545496526,36.395569759940564
social,housing,urbanSlums,HO1,2010,35.874563028770126,36.00223541535201
social,housing,urbanSlums,HO1,2011,35.37322774424274,35.60890107076346
social,housing,urbanSlums,HO1,2012,34.86322622003502,35.2155667261749
social,housing,urbanSlums,HO1,2013,34.42244140251458,34.822232381586346
social,housing,urbanSlums,HO1,2014,33.973737395926406,34.42889803699779
social,housing,urbanSlums,HO1,2015,33.57837417185052,34.03556369240924
social,housing,urbanSlums,HO1,2016,33.17932725589232,33.64222934782069
social,housing,urbanSlums,HO1,2017,32.91703168645056,33.248895003232136
social,housing,urbanSlums,HO1,2018,32.65256806488117,32.85556065864358
social,housing,urbanSlums,HO1,2019,32.532522472525926,32.46222631405503
social,housing,urbanSlums,HO1,2020,32.42132680030235,32.06889196946648
social,housing,urbanSlums,HO1,2021,32.237627395835574,31.675557624877925
social,housing,urbanSlums,HO1,2022,32.07214528961856,31.282223280289372
social,equality,genderGapIndex,EQ1,2000,45.690689249204155,46.091241255172825
social,equality,genderGapIndex,EQ1,2001,45.37950975394796,45.56374018229191
social,equality,genderGapIndex,EQ1,2002,45.15420986168963,45.036239109410985
social,equality,genderGapIndex,EQ1,2003,44.37073896405606,44.50873803653007
social,equality,genderGapIndex,EQ1,2004,44.10447289305973,43.98123696364915
social,equality,genderGapIndex,EQ1,2005,43.465972840774626,43.45373589076823
social,equality,genderGapIndex,EQ1,2006,42.8297894919939,42.92623481788731
social,equality,genderGapIndex,EQ1,2007,42.204529234908335,42.398733745006396
social,equality,genderGapIndex,EQ1,2008,42.28341208718599,41.87123267212547
social,equality,genderGapIndex,EQ1,2009,41.55653474921599,41.343731599244556
social,equality,genderGapIndex,EQ1,2010,40.82961397431628,40.81623052636363
social,equality,genderGapIndex,EQ1,2011,40.59328262104134,40.288729453482716
social,equality,genderGapIndex,EQ1,2012,40.10390438940674,39.7612283806018
social,equality,genderGapIndex,EQ1,2013,39.47087230037093,39.233727307720876
social,equality,genderGapIndex,EQ1,2014,39.01934046562751,38.70622623483996
social,equality,genderGapIndex,EQ1,2015,38.09754466615287,38.17872516195904
social,equality,genderGapIndex,EQ1,2016,37.42460957910796,37.65122408907812
social,equality,genderGapIndex,EQ1,2017,37.03895971641001,37.123723016197204
social,equality,genderGapIndex,EQ1,2018,36.375663484200736,36.59622194331628
social,equality,genderGapIndex,EQ1,2019,35.623579937163754,36.068720870435364
social,equality,genderGapIndex,EQ1,2020,35.22239636846872,35.54121979755445
social,equality,genderGapIndex,EQ1,2021,35.08063984549995,35.013718724673524
social,equality,genderGapIndex,EQ1,2022,34.72051095629909,34.48621765179261
social,social cohesion,socialSupport,SC1,2005,20.469479993522288,22.581890783573503
social,social cohesion,socialSupport,SC1,2006,20.88536506494553,22.657992698777143
social,social cohesion,socialSupport,SC1,2007,23.90772940285896,22.73409461398078
social,social cohesion,socialSupport,SC1,2008,24.203065074118012,22.81019652918442
social,social cohesion,socialSupport,SC1,2009,22.28383833877736,22.88629844438806
social,social cohesion,socialSupport,SC1,2010,23.005050964489882,22.9624003595917
social,social cohesion,socialSupport,SC1,2011,24.012291184430435,23.038502274795338
social,social cohesion,socialSupport,SC1,2012,25.172528547292384,23.11460418999898
social,social cohesion,socialSupport,SC1,2013,24.929010788117257,23.19070610520262
social,social cohesion,socialSupport,SC1,2014,22.406595716465016,23.26680802040626
social,social cohesion,socialSupport,SC1,2015,23.22197077197863,23.342909935609896
social,social cohesion,socialSupport,SC1,2016,23.615634044472543,23.419011850813536
social,social cohesion,socialSupport,SC1,2017,23.41371610047156,23.495113766017177
social,social cohesion,socialSupport,SC1,2018,22.360746297139976,23.571215681220817
social,social cohesion,socialSupport,SC1,2019,23.420925024082027,23.647317596424454
social,social cohesion,socialSupport,SC1,2020,23.47802961276707,23.723419511628094
social,social cohesion,socialSupport,SC1,2021,24.319738719568107,23.799521426831735
social,social cohesion,socialSupport,SC1,2022,23.011911484982683,23.875623342035375
social,social cohesion,palma,SC2,2000,71.33337934561692,70.7590306730558
social,social cohesion,palma,SC2,2001,71.86686992979196,70.53900199863907
social,social cohesion,palma,SC2,2002,69.69780509217904,70.31897332422233
social,social cohesion,palma,SC2,2003,69.44987649726056,70.0989446498056
social,social cohesion,palma,SC2,2004,67.62562904990955,69.87891597538886
social,social cohesion,palma,SC2,2005,68.14812014902071,69.65888730097213
social,social cohesion,palma,SC2,2006,67.8362875620246,69.43885862655539
social,social cohesion,palma,SC2,2007,72.3777234514895,69.21882995213865
social,social cohesion,palma,SC2,2008,68.67555786907059,68.99880127772191
social,social cohesion,palma,SC2,2009,67.65568621775421,68.77877260330519
social,social cohesion,palma,SC2,2010,67.74812077409813,68.55874392888845
social,social cohesion,palma,SC2,2011,70.15298640194156,68.33871525447171
social,social cohesion,palma,SC2,2012,69.93719951025238,68.11868658005497
social,social cohesion,palma,SC2,2013,69.81115958101942,67.89865790563823
social,social cohesion,palma,SC2,2014,68.32719717828975,67.67862923122149
social,social cohesion,palma,SC2,2015,69.26743302922091,67.45860055680477
social,social cohesion,palma,SC2,2016,65.83370180282402,67.23857188238803
social,social cohesion,palma,SC2,2017,65.89126693255406,67.01854320797129
social,social cohesion,palma,SC2,2018,65.93252293481443,66.79851453355455
social,social cohesion,palma,SC2,2019,66.01532488753786,66.57848585913781
social,social cohesion,palma,SC2,2020,68.92366521521419,66.35845718472109
social,social cohesion,palma,SC2,2021,64.6097772909761,66.13842851030435
social,social cohesion,palma,SC2,2022,64.67316014998856,65.91839983588761
social,political voice,govRegimes,PV1,2000,46.63682434002212,42.52738221075145
social,political voice,govRegimes,PV1,2001,46.03006467388966,43.55850633545298
social,political voice,govRegimes,PV1,2002,48.53922447061678,44.58963046015452
social,political voice,govRegimes,PV1,2003,47.843051547869464,45.62075458485605
social,political voice,govRegimes,PV1,2004,49.098204253261144,46.651878709557586
social,political voice,govRegimes,PV1,2005,49.451882732259264,47.68300283425912
social,political voice,govRegimes,PV1,2006,49.585767277403846,48.714126958960655
social,political voice,govRegimes,PV1,2007,50.458514707234436,49.74525108366219
social,political voice,govRegimes,PV1,2008,50.34204247842139,50.776375208363724
social,political voice,govRegimes,PV1,2009,50.690994070747955,51.80749933306526
social,political voice,govRegimes,PV1,2010,49.76636637588945,52.83862345776679
social,political voice,govRegimes,PV1,2011,49.629011992481175,53.86974758246833
social,political voice,govRegimes,PV1,2012,47.867326505050436,54.900871707169856
social,political voice,govRegimes,PV1,2013,48.38847661412874,55.93199583187139
social,political voice,govRegimes,PV1,2014,48.014331256700146,56.963119956572925
social,political voice,govRegimes,PV1,2015,48.037916423802905,57.99424408127446
social,political voice,govRegimes,PV1,2016,47.506385675565795,59.025368205975994
social,political voice,govRegimes,PV1,2017,66.10254127017573,60.05649233067753
social,political voice,govRegimes,PV1,2018,67.88491449842873,61.08761645537906
social,political voice,govRegimes,PV1,2019,67.89607363564872,62.1187405800806
social,political voice,govRegimes,PV1,2020,67.71991885965605,63.14986470478213
social,political voice,govRegimes,PV1,2021,70.74947899070449,64.18098882948367
social,political voice,govRegimes,PV1,2022,70.76488174681326,65.2121129541852
social,peace and justice,controlCorruption,PJ1,2005,79.93827983595126,82.19338526150416
social,peace and justice,controlCorruption,PJ1,2006,80.05125172529529,81.73861627129355
social,peace and justice,controlCorruption,PJ1,2007,81.42652439043862,81.28384728108294
social,peace and justice,controlCorruption,PJ1,2008,82.58861759473042,80.82907829087233
social,peace and justice,controlCorruption,PJ1,2009,82.16417234868277,80.37430930066172
social,peace and justice,controlCorruption,PJ1,2010,80.50876076959149,79.91954031045111
social,peace and justice,controlCorruption,PJ1,2011,80.89666373912203,79.4647713202405
social,peace and justice,controlCorruption,PJ1,2012,79.09398855964955,79.01000233002989
social,peace and justice,controlCorruption,PJ1,2013,79.28789563682088,78.55523333981928
social,peace and justice,controlCorruption,PJ1,2014,77.89981894642439,78.10046434960867
social,peace and justice,controlCorruption,PJ1,2015,76.77370622662853,77.64569535939806
social,peace and justice,controlCorruption,PJ1,2016,77.14970265148527,77.19092636918745
social,peace and justice,controlCorruption,PJ1,2017,75.39862471905622,76.73615737897684
social,peace and justice,controlCorruption,PJ1,2018,77.05378272955056,76.28138838876623
social,peace and justice,controlCorruption,PJ1,2019,74.56823478005975,75.82661939855562
social,peace and justice,controlCorruption,PJ1,2020,75.70267463378325,75.37185040834501
social,peace and justice,controlCorruption,PJ1,2021,74.62251558544023,74.9170814181344
social,peace and justice,controlCorruption,PJ1,2022,74.77606433214086,74.46231242792379
social,peace and justice,homicideOver5,PJ2,2000,28.4529011778062,29.770016143485677
social,peace and justice,homicideOver5,PJ2,2001,28.549872920288355,29.241122928883218
social,peace and justice,homicideOver5,PJ2,2002,28.643585285817096,28.712229714280756
social,peace and justice,homicideOver5,PJ2,2003,28.571525802488406,28.183336499678298
social,peace and justice,homicideOver5,PJ2,2004,28.53474226018331,27.65444328507584
social,peace and justice,homicideOver5,PJ2,2005,28.616949720481077,27.12555007047338
social,peace and justice,homicideOver5,PJ2,2006,28.136229613279884,26.59665685587092
social,peace and justice,homicideOver5,PJ2,2007,29.369028071547575,26.06776364126846
social,peace and justice,homicideOver5,PJ2,2008,27.969637269675008,25.538870426666
social,peace and justice,homicideOver5,PJ2,2009,22.141927632673987,25.00997721206354
social,peace and justice,homicideOver5,PJ2,2010,21.568045124859392,24.48108399746108
social,peace and justice,homicideOver5,PJ2,2011,21.26679806688162,23.952190782858622
social,peace and justice,homicideOver5,PJ2,2012,22.818266418368093,23.42329756825616
social,peace and justice,homicideOver5,PJ2,2013,22.854348547172375,22.8944043536537
social,peace and justice,homicideOver5,PJ2,2014,22.879036859275313,22.365511139051243
social,peace and justice,homicideOver5,PJ2,2015,18.664019966023695,21.83661792444878
social,peace and justice,homicideOver5,PJ2,2016,24.009903555164914,21.307724709846322
social,peace and justice,homicideOver5,PJ2,2017,24.822779712596986,20.778831495243864
social,peace and justice,homicideOver5,PJ2,2018,16.807002327919495,20.249938280641402
social,peace and justice,homicideOver5,PJ2,2019,15.361676805932245,19.721045066038943
social,peace and justice,homicideOver5,PJ2,2020,20.52634094282375,19.192151851436485
social,peace and justice,homicideOver5,PJ2,2021,20.811168734417095,18.663258636834023
social,peace and justice,homicideOver5,PJ2,2022,19.524601190072378,18.134365422231564
